language,filename,blank,comment,code,"github.com/AlDanial/cloc v 2.06  T=4.77 s (725.3 files/s 185982.2 lines/s)"
TypeScript,src/lib/types/database.ts,9,2,20289
SQL,supabase/migrations/20260527000000_prod_public_baseline.sql,8464,450,13293
TypeScript,src/app/golf/actions/golf.ts,689,865,5059
TypeScript,src/app/golf/actions/admin-data.ts,239,311,3242
TypeScript,src/app/golf/actions/insights.ts,453,616,2993
SQL,supabase/migrations_archive/pre_20260527/20260427210000_canonical_rls_snapshot.sql,174,186,2775
TypeScript,src/app/golf/(dashboard)/dashboard/rounds/new/new-round-client.tsx,183,258,2594
TypeScript,scripts/ui-intelligence/generate-atlas.ts,134,205,2402
TypeScript,src/components/fairway/pages/coachhelm/FairwayStatsCockpit.tsx,161,293,2156
TypeScript,src/app/golf/actions/stats-data.ts,264,275,1978
TypeScript,src/lib/utils/golf-stats-calculator-shots.ts,248,567,1960
TypeScript,src/app/baseball/actions/lifting-v11.ts,185,232,1951
TypeScript,src/components/golf/ShotTrackingComprehensive.tsx,126,90,1908
TypeScript,src/lib/coachhelm/v2/orchestrator.ts,246,399,1831
TypeScript,src/components/fairway/pages/settings/FairwaySettingsGeneral.tsx,145,155,1817
TypeScript,src/components/baseball/import-center/ImportWizardClient.tsx,88,155,1757
TypeScript,src/components/golf/coachhelm/v2/IntelligenceCommandCenter.tsx,95,138,1753
TypeScript,src/components/ui/skeleton.tsx,115,79,1725
TypeScript,src/lib/coachhelm/v2/mining/lie-specific-analysis.ts,302,386,1607
TypeScript,src/app/golf/admin/crm/components/CoachTable.tsx,90,151,1595
TypeScript,src/lib/coachhelm/v2/mining/stats-insight-generator.ts,215,263,1586
TypeScript,src/components/fairway/pages/documents/FairwayDocuments.tsx,98,123,1561
TypeScript,src/app/golf/admin/crm/page.tsx,101,253,1552
TypeScript,src/components/baseball/staff-decision-room/StaffDecisionRoomClient.tsx,71,60,1542
TypeScript,src/components/fairway/pages/coachhelm/FairwayCoachHelmSignals.tsx,107,365,1528
TypeScript,src/components/baseball/player-today/PlayerTodayClient.tsx,95,175,1478
TypeScript,src/components/baseball/player-profile/PlayerProfileClient.tsx,77,58,1460
TypeScript,src/app/golf/(dashboard)/dashboard/settings/page.tsx,128,60,1429
TypeScript,src/app/golf/admin/components/BusinessIntelligenceTab.tsx,88,54,1423
TypeScript,src/app/golf/actions/admin-tracer-data.ts,158,90,1419
TypeScript,src/components/fairway/pages/coachhelm/FairwayEffectiveness.tsx,114,212,1406
TypeScript,src/components/golf/calendar/EventDetailModal.tsx,85,103,1345
SQL,supabase/migrations_archive/pre_20260527/034_all_rls_policies.sql,301,162,1341
TypeScript,src/app/golf/actions/round-review-system.ts,180,281,1338
TypeScript,src/app/golf/(dashboard)/dashboard/documents/documents-client.tsx,104,36,1296
TypeScript,src/app/golf/actions/round-reviews.ts,235,179,1292
TypeScript,src/components/lifting/programs/ProgramEditorClient.tsx,84,60,1286
TypeScript,src/app/baseball/actions/imports.ts,123,359,1260
SQL,supabase/migrations_archive/pre_20260527/20260314100000_fix_shot_tracking_bugs.sql,107,79,1250
TypeScript,src/components/baseball/practice-planner/PracticePlannerClient.tsx,80,75,1214
TypeScript,src/lib/utils/__tests__/golf-stats-calculator-shots.test.ts,273,191,1184
TypeScript,src/app/golf/(dashboard)/dashboard/rounds/continue/[id]/continue-round-client.tsx,88,109,1172
TypeScript,src/app/fairway-preview/page.tsx,61,51,1160
TypeScript,src/components/baseball/video/VideoLibraryClient.tsx,80,58,1153
TypeScript,src/components/baseball/stats/StatsUploadClient.tsx,94,41,1139
TypeScript,src/app/golf/(dashboard)/dashboard/messages/page.tsx,94,67,1120
TypeScript,src/components/golf/coachhelm/RoundReviewViewer.tsx,60,26,1119
TypeScript,src/app/golf/(dashboard)/dashboard/stats/stats-client.tsx,124,85,1114
TypeScript,src/components/baseball/performance/ProgramEditorClient.tsx,80,59,1113
TypeScript,src/lib/coachhelm/v3/themes/assemble.test.ts,94,198,1112
TypeScript,src/components/golf/calendar/PremiumCalendarClient.tsx,93,125,1111
TypeScript,src/components/baseball/performance/LiveWeightRoom.tsx,59,54,1090
TypeScript,src/app/golf/(dashboard)/dashboard/development/development-client.tsx,66,42,1074
TypeScript,src/app/golf/admin/crm/components/BulkEmailModal.tsx,71,50,1061
TypeScript,src/app/lifting/actions/programs.ts,147,123,1061
TypeScript,src/components/baseball/settings/ProgramSettingsClient.tsx,44,43,1056
SQL,supabase/migrations_archive/pre_20260527/20260212000004_create_stats_cache_triggers.sql,81,117,1056
TypeScript,src/components/ui/page-header.tsx,81,211,1044
TypeScript,src/components/fairway/pages/coachhelm/PlayersGridView.tsx,68,194,1037
TypeScript,src/app/baseball/actions/games.ts,191,98,1036
TypeScript,src/app/golf/actions/course-library.ts,130,169,1031
TypeScript,src/lib/baseball/read-models/elite-stat-events.ts,97,190,1031
TypeScript,scripts/seed-demo-team-ops.ts,82,86,1007
TypeScript,src/app/golf/actions/coachhelm-analytics.ts,127,161,997
TypeScript,src/app/baseball/(public)/player/[id]/PlayerProfileClient.tsx,55,6,996
TypeScript,src/app/golf/(dashboard)/dashboard/travel/travel-client.tsx,57,26,991
TypeScript,src/components/baseball/performance/PerformanceDashboardClient.tsx,36,37,981
TypeScript,src/components/golf/player-hub/PlayerHub.tsx,78,30,971
TypeScript,src/app/baseball/(onboarding)/coach-onboarding/page.tsx,91,40,967
TypeScript,src/components/fairway/pages/calendar/FairwayEventEditor.tsx,57,78,952
TypeScript,src/components/baseball/performance/ExerciseWizard.tsx,92,85,942
TypeScript,src/app/lifting/actions/soreness.ts,146,127,931
TypeScript,src/app/golf/actions/teams.ts,174,183,929
TypeScript,src/components/fairway/pages/tasks/FairwayTasks.tsx,60,147,928
TypeScript,src/components/fairway/pages/dashboard/FairwayCoachDashboard.tsx,58,127,927
TypeScript,src/app/golf/actions/admin/rollup-c.ts,77,101,925
TypeScript,src/app/baseball/(dashboard)/dashboard/pipeline/page.tsx,76,18,920
TypeScript,src/app/golf/actions/documents.ts,184,152,914
TypeScript,src/app/golf/actions/recurring-events.ts,144,234,910
TypeScript,src/components/fairway/pages/coachhelm/FairwayTeamStats.tsx,77,185,910
TypeScript,src/components/baseball/stats-center/StatsCenterClient.tsx,67,94,908
TypeScript,src/lib/baseball/read-models/player-passport.ts,88,241,903
TypeScript,src/app/golf/actions/insight-delivery.ts,128,405,892
TypeScript,src/app/golf/(dashboard)/dashboard/players/[playerId]/player-insight-client.tsx,46,39,888
TypeScript,src/app/baseball/(dashboard)/dashboard/watchlist/WatchlistClient.tsx,77,14,887
TypeScript,src/components/golf/coachhelm/RoundReviewDisplay.tsx,35,35,886
TypeScript,src/components/fairway/pages/coachhelm/FairwayPlayerCoachHelm.tsx,66,228,882
TypeScript,src/components/fairway/pages/calendar/FairwayCalendar.tsx,51,163,877
TypeScript,src/app/golf/admin/page.tsx,53,60,876
TypeScript,src/lib/baseball/read-models/stats-center.ts,71,213,862
TypeScript,src/app/lifting/(dashboard)/dashboard/settings/settings-client.tsx,67,9,860
TypeScript,src/app/golf/(dashboard)/dashboard/insights/InsightsPageContent.tsx,79,77,855
TypeScript,src/test/coachhelm/v3/causality.test.ts,74,139,852
TypeScript,src/app/golf/(dashboard)/dashboard/rounds/[id]/review/page.tsx,73,188,844
TypeScript,src/lib/baseball/operational-rule-engine.ts,52,213,842
TypeScript,src/app/golf/admin/crm/components/EmailTrackingView.tsx,63,44,841
TypeScript,src/app/baseball/actions/stat-event-imports.ts,82,143,838
TypeScript,src/lib/baseball/read-models/player-today.ts,65,255,836
TypeScript,src/components/baseball/command-center/CommandCenterClient.tsx,59,16,835
TypeScript,src/app/golf/actions/dashboard-data.ts,76,142,834
TypeScript,src/components/fairway/pages/coachhelm/FairwayPlayerInsight.tsx,59,105,831
TypeScript,src/components/fairway/pages/rounds-new/FairwayNewRoundEntry.tsx,42,87,831
TypeScript,src/components/golf/stats/ProgressStats.tsx,80,23,831
TypeScript,src/app/actions/messages.ts,166,189,829
TypeScript,src/components/fairway/pages/coachhelm/FairwayBrief.tsx,63,180,818
TypeScript,src/app/golf/(dashboard)/dashboard/classes/page.tsx,73,47,814
SQL,supabase/migrations_archive/pre_20260527/20260421000005_admin_rollups_a.sql,20,77,814
TypeScript,src/app/golf/admin/crm/components/TemplateManager.tsx,49,33,807
TypeScript,src/app/baseball/(onboarding)/player/page.tsx,73,14,804
TypeScript,src/app/baseball/actions/program-settings.ts,118,151,804
TypeScript,src/components/golf/calendar/MobileEventSheet.tsx,50,36,801
SQL,supabase/migrations/20260625000080_helm_lifting_backfill_from_baseball.sql,71,131,801
TypeScript,src/app/golf/actions/development.ts,163,239,800
TypeScript,src/lib/types/baseball-lifting-v11.ts,54,92,790
TypeScript,src/components/baseball/daily-contract/DailyContract.tsx,53,101,787
TypeScript,src/lib/baseball/read-models/player-snapshot-cards.ts,72,213,785
TypeScript,src/app/golf/actions/coachhelm-data.ts,132,173,779
TypeScript,src/app/golf/admin/components/tracer/TracerErrorAnalytics.tsx,65,2,773
TypeScript,src/app/golf/actions/tasks.ts,138,120,772
TypeScript,src/lib/types/helm-lifting-data.ts,73,49,769
SQL,supabase/migrations_archive/pre_20260527/046_stats_cache_triggers.sql,44,56,766
TypeScript,src/app/golf/actions/travel.ts,135,107,762
TypeScript,src/lib/offline/sync-engine.ts,154,241,762
SQL,supabase/migrations/20260624000063_baseball_v11_premium_lifting.sql,43,120,761
TypeScript,src/app/baseball/(dashboard)/dashboard/roster/page.tsx,58,25,753
TypeScript,src/lib/baseball/read-models/stat-visuals.ts,72,144,749
TypeScript,src/components/baseball/profile/CollegeProfileEditor.tsx,53,5,748
TypeScript,src/components/fairway/pages/hub/hub-parts.tsx,50,78,737
TypeScript,src/components/baseball/stat-visuals/HittingVisuals.tsx,49,43,730
TypeScript,src/app/golf/admin/components/ErrorFeed.tsx,48,23,729
TypeScript,src/app/baseball/actions/tasks.ts,130,84,724
TypeScript,src/app/lifting/(dashboard)/dashboard/import/import-client.tsx,70,43,721
TypeScript,src/components/baseball/performance/lift-canvas/LiftCanvas.tsx,86,70,719
TypeScript,src/app/golf/actions/player-fingerprint.ts,88,123,717
TypeScript,src/hooks/golf/use-shot-state-machine.ts,99,86,717
TypeScript,src/app/lifting/actions/weight-checkins.ts,118,115,704
TypeScript,src/app/golf/actions/pattern-management.ts,123,192,701
TypeScript,src/components/baseball/staff/StaffSettingsClient.tsx,45,34,699
TypeScript,src/app/golf/actions/team-category-insights.ts,90,139,698
SQL,supabase/migrations/20260624000050_baseball_rls_helpers_and_policies.sql,76,178,696
TypeScript,src/app/baseball/(public)/team/[id]/page.tsx,42,22,695
TypeScript,src/app/baseball/actions/video-classes.ts,79,174,695
TypeScript,src/components/baseball/stat-visuals/PitchingVisuals.tsx,44,49,694
TypeScript,src/app/baseball/(dashboard)/dashboard/videos/_VideosClient.tsx,43,11,692
TypeScript,src/lib/cache/golf-stats-calculator.ts,86,134,692
TypeScript,src/components/golf/calendar/WeekView.tsx,63,33,690
TypeScript,src/app/golf/admin/components/tracer/RoundDiagnosticModal.tsx,59,22,687
TypeScript,src/components/golf/coachhelm/insight-card/InsightCard.tsx,60,97,683
TypeScript,src/lib/notifications/email.ts,81,107,681
TypeScript,src/app/baseball/(dashboard)/dashboard/dev-plan/page.tsx,47,13,678
TypeScript,src/app/golf/admin/crm/components/CRMDashboard.tsx,31,11,673
TypeScript,src/lib/baseball/stat-import-adapters.ts,38,102,670
TypeScript,src/components/fairway/pages/coachhelm/FairwayMyDevelopment.tsx,46,146,667
TypeScript,src/components/baseball/performance/StrengthGroupsClient.tsx,52,48,666
TypeScript,src/lib/coachhelm/v2/mining/shot-state-intelligence.ts,107,16,660
TypeScript,src/lib/utils/schedule-parser.ts,144,130,654
TypeScript,src/app/baseball/(dashboard)/dashboard/academics/page.tsx,52,19,651
SQL,supabase/migrations_archive/pre_20260527/20260208000000_baseball_team_management.sql,132,158,650
TypeScript,src/components/coach/discover/DiscoverView.tsx,58,35,649
TypeScript,src/app/golf/admin/components/tracer/TracerRoundInspector.tsx,59,31,647
SQL,supabase/migrations_archive/v1_original/20260108000002_comprehensive_rls_fix.sql,132,135,647
TypeScript,src/app/golf/admin/crm/components/CoachDetailPanel.tsx,51,90,643
TypeScript,src/app/golf/actions/crm-sequences.ts,92,109,640
SQL,supabase/migrations/20260624000080_baseball_elite_stat_event_model.sql,23,143,639
SQL,supabase/migrations_archive/pre_20260527/20260309100000_consolidated_v2_fixes.sql,60,70,637
TypeScript,src/hooks/golf/use-golf-messages.ts,88,98,635
TypeScript,src/lib/coachhelm/v2/mining/pattern-miner.ts,94,283,635
TypeScript,src/components/golf/rounds/RoundLibraryClient.tsx,43,36,633
TypeScript,src/app/golf/actions/admin/rollup-b.ts,77,158,632
TypeScript,src/components/fairway/pages/coachhelm/GenomeDetailView.tsx,38,107,631
TypeScript,src/app/golf/admin/components/tracer/TracerDataQuality.tsx,43,35,629
TypeScript,src/hooks/golf/__tests__/use-shot-state-machine.test.ts,71,17,629
JavaScript,scripts/baseballhelm-command-center.mjs,94,97,627
TypeScript,src/app/lifting/actions/performance-profile.ts,108,166,627
SQL,supabase/migrations/20260625000020_helm_lifting_data_sessions_readiness.sql,83,76,625
TypeScript,src/app/golf/admin/crm/components/CalendarView.tsx,43,31,622
TypeScript,src/components/fairway/pages/coachhelm/FocusAreaCard.tsx,55,199,621
TypeScript,src/app/baseball/actions/decision-room.ts,79,180,618
TypeScript,src/app/baseball/actions/operational-signals.ts,62,133,618
TypeScript,src/app/golf/actions/shot-analytics.ts,115,125,616
SQL,supabase/migrations_archive/pre_20260527/20260306000004_stats_and_rpc_fixes.sql,49,47,613
TypeScript,src/components/fairway/pages/messages/MessageThreadPane.tsx,33,111,612
TypeScript,src/components/fairway/pages/coachhelm/FairwayAspectDrillDown.tsx,37,72,611
TypeScript,src/components/baseball/source-trust/SourceDrawer.tsx,34,75,610
TypeScript,src/app/golf/actions/announcements.ts,110,137,608
TypeScript,src/components/fairway/pages/rounds/FairwayRoundDetail.tsx,43,90,608
TypeScript,src/components/coach/discover/FilterPanel.tsx,29,7,607
TypeScript,src/components/baseball/import-center/EventImportWizard.tsx,32,53,606
TypeScript,src/lib/coachhelm/v2/mining/correlation-discovery.ts,137,131,606
TypeScript,src/app/golf/actions/__tests__/recurring-events.test.ts,92,58,605
TypeScript,src/app/golf/admin/components/SystemTab.tsx,49,9,604
TypeScript,src/lib/coachhelm/v2/mining/team-pattern-generator.ts,78,67,600
TypeScript,scripts/seed-baseball-lifting-demo.ts,45,181,599
TypeScript,src/components/golf/announcements/CreateAnnouncementFlow.tsx,41,9,596
TypeScript,src/lib/baseball/nav-registry.ts,33,356,595
TypeScript,src/app/golf/admin/components/AdminChart.tsx,64,26,592
TypeScript,src/components/baseball/settings/ImportSourcesClient.tsx,27,26,591
TypeScript,src/components/fairway/pages/coachhelm/FocusAreaModal.tsx,44,56,589
SQL,supabase/migrations_archive/pre_20260527/20260311120000_bulletproof_detail_inserts.sql,58,50,589
TypeScript,src/app/golf/(onboarding)/coach/page.tsx,65,34,588
TypeScript,src/app/golf/(dashboard)/FairwayDashboardShell.tsx,44,148,585
SQL,supabase/migrations_archive/pre_20260527/20260421000006_admin_rollups_b.sql,49,77,582
SQL,supabase/migrations_archive/pre_20260527/20260312040122_fix_18_hole_stats_cache.sql,33,12,577
TypeScript,supabase/functions/process-task-reminders/index.ts,91,82,576
TypeScript,src/app/golf/admin/crm/components/QuickActionsPanel.tsx,47,15,575
TypeScript,src/app/golf/actions/insight-management.ts,102,91,573
TypeScript,src/components/fairway/pages/announcements/FairwayCreateAnnouncement.tsx,42,42,573
TypeScript,src/app/lifting/(dashboard)/dashboard/today/page.tsx,70,36,571
TypeScript,src/lib/baseball/coachhelm/engine-run.ts,56,213,571
TypeScript,src/app/baseball/actions/signals.ts,63,210,570
TypeScript,src/components/baseball/practice-planner/PracticeRecapPanel.tsx,36,46,570
TypeScript,src/components/fairway/pages/rounds-new/FairwayCoursePicker.tsx,46,82,565
TypeScript,src/app/baseball/actions/practice.ts,85,186,564
TypeScript,src/app/baseball/actions/stats.ts,130,135,561
TypeScript,src/lib/types/index.ts,90,106,561
TypeScript,src/app/golf/actions/attendance.ts,80,161,560
TypeScript,src/app/golf/actions/__tests__/insight-delivery-themes.test.ts,82,129,559
TypeScript,src/components/ui/select.tsx,31,8,558
TypeScript,src/lib/coachhelm/v2/mining/shot-pattern-miner.ts,108,200,558
TypeScript,src/test/golf/actions/insight-delivery.test.ts,57,103,558
TypeScript,src/components/golf/classes/AddClassModal.tsx,51,57,557
TypeScript,src/components/lifting/exercises/ExerciseLibraryClient.tsx,43,31,554
TypeScript,src/components/fairway/pages/team/FairwayTeamSettings.tsx,38,68,550
TypeScript,src/lib/offline/shot-storage.ts,130,134,549
TypeScript,src/components/golf/OfflineSyncStatus.tsx,48,60,547
TypeScript,src/components/layout/sidebar.tsx,38,57,546
TypeScript,src/components/baseball/postgame/PostgameReviewClient.tsx,26,39,544
TypeScript,src/app/baseball/actions/teams.ts,91,98,543
TypeScript,src/app/golf/(dashboard)/dashboard/coachhelm/components/PlayerCoachHelmDashboard.tsx,35,71,543
TypeScript,src/app/golf/actions/task-reminders.ts,96,127,543
TypeScript,src/components/baseball/passport/PlayerPassportCard.tsx,41,59,539
TypeScript,src/app/golf/admin/components/CoachIntelligenceCard.tsx,21,4,536
TypeScript,src/components/golf/courses/CourseDetailDrawer.tsx,33,16,535
TypeScript,src/app/golf/admin/components/tracer/tracer-utils.ts,83,83,532
TypeScript,src/app/baseball/(dashboard)/dashboard/events/page.tsx,46,30,530
TypeScript,src/components/golf/stats/sections/DispersionStats.tsx,40,3,530
TypeScript,src/components/golf/coachhelm/analytics/PredictionAccuracyPanel.tsx,30,25,529
TypeScript,src/app/golf/admin/components/PeopleTab.tsx,40,28,525
TypeScript,src/components/fairway/pages/rounds/FairwayRoundsLibrary.tsx,41,92,525
TypeScript,src/test/lib/coachhelm/v3/goals/suggestion-writer.test.ts,53,61,525
TypeScript,src/app/baseball/actions/videos.ts,65,68,524
TypeScript,src/app/golf/actions/__tests__/attendance.test.ts,85,60,523
TypeScript,src/components/golf/coachhelm/insights/InsightFiltersPanel.tsx,42,20,523
TypeScript,src/components/baseball/performance/PlayerLiftSessionClient.tsx,31,63,522
TypeScript,src/components/golf/dashboard/premium-components.tsx,43,62,517
TypeScript,src/app/golf/(dashboard)/dashboard/stats/team/team-stats-table.tsx,42,28,516
TypeScript,src/lib/golf/strokes-gained.ts,84,141,515
TypeScript,src/lib/coachhelm/v2/types.ts,126,174,514
TypeScript,scripts/ui-intelligence/generate-screenshot-index.ts,74,50,512
TypeScript,src/components/lifting/sessions/LiveWeightRoomClient.tsx,34,34,512
TypeScript,src/app/baseball/(dashboard)/dashboard/college-interest/CollegeInterestClient.tsx,41,18,509
SQL,supabase/migrations_archive/pre_20260527/035_all_triggers_functions.sql,81,97,509
TypeScript,src/app/baseball/actions/documents.ts,99,63,506
TypeScript,src/lib/coachhelm/v2/mining/course-management.ts,53,49,506
TypeScript,src/app/golf/admin/components/ActivityFeed.tsx,43,1,503
TypeScript,src/components/baseball/stat-visuals/DataQualityVisuals.tsx,32,33,501
TypeScript,src/components/baseball/signals/SignalInboxClient.tsx,30,27,500
TypeScript,src/components/fairway/pages/qualifiers/FairwayQualifierDetail.tsx,48,74,500
TypeScript,src/lib/lifting/adapters/baseball-view-adapter.ts,39,81,500
TypeScript,src/components/panels/TeamPeekPanel.tsx,38,13,499
TypeScript,src/lib/coachhelm/v2/mining/approach-analytics.ts,66,115,497
TypeScript,src/app/golf/(dashboard)/dashboard/components/CoachDashboard.tsx,34,23,496
SQL,supabase/migrations_archive/pre_20260527/062_coachhelm_complete_schema.sql,143,123,495
TypeScript,src/app/baseball/actions/practice-effectiveness.ts,59,122,494
TypeScript,src/app/golf/(dashboard)/dashboard/my-development/page.tsx,33,49,493
TypeScript,src/stores/offline-sync-store.ts,107,97,493
TypeScript,src/components/fairway/pages/player-game/FairwayPlayerGameFingerprint.tsx,47,79,490
TypeScript,src/components/fairway/pages/roster/FairwayJoinRequests.tsx,55,96,489
TypeScript,src/components/golf/coachhelm/analytics/PatternImpactPanel.tsx,35,17,489
TypeScript,src/components/lifting/soreness/SorenessScheduleBuilder.tsx,33,17,489
TypeScript,src/components/baseball/performance/LiftBuilderClient.tsx,42,71,487
TypeScript,src/components/baseball/performance/PerformanceCommandCenter.tsx,25,22,487
TypeScript,src/components/baseball/stat-visuals/SpeedArmVisuals.tsx,47,67,487
TypeScript,src/app/golf/admin/crm/components/resend/EmailDetailPanel.tsx,34,18,486
TypeScript,src/app/baseball/actions/discover.ts,90,96,485
TypeScript,src/app/baseball/actions/insights.ts,78,107,485
TypeScript,src/components/baseball/practice-effectiveness/PracticeEffectivenessClient.tsx,36,29,484
TypeScript,src/components/baseball/command-center/analytics/GameVsPracticePanel.tsx,50,28,481
TypeScript,src/components/baseball/position-planner/PlayerQuickView.tsx,28,6,480
TypeScript,src/lib/coachhelm/v2/prediction/team-forecaster.ts,72,65,480
SQL,supabase/migrations/20260625000090_helm_lifting_soreness_weight_nutrition.sql,109,154,478
TypeScript,src/components/coach/discover/PlayerCard.tsx,38,6,476
TypeScript,src/components/fairway/pages/announcements/FairwayPlayerAnnouncementCard.tsx,34,30,476
TypeScript,src/app/golf/admin/crm/components/ScheduleEventModal.tsx,43,13,472
TypeScript,src/components/baseball/position-planner/PositionPlanner.tsx,34,12,472
TypeScript,src/lib/lifting/__tests__/overuse-rules.test.ts,73,54,472
TypeScript,src/components/lifting/performance/PlayerPerformanceTab.tsx,59,67,471
SQL,supabase/demo/03_gapfill_tyler_passmore.sql,38,136,471
TypeScript,src/app/golf/actions/stats.ts,78,76,470
SQL,supabase/migrations_archive/pre_20260527/20260311130000_fix_stats_normalization.sql,34,50,470
TypeScript,src/app/golf/(dashboard)/dashboard/roster/page.tsx,41,50,469
SQL,supabase/migrations_archive/pre_20260527/20260125000000_fix_baseball_rls_comprehensive.sql,116,163,469
TypeScript,src/components/golf/profile/PlayerStatsSection.tsx,56,35,468
TypeScript,src/lib/coachhelm/baseball/loaders-events.ts,59,131,468
TypeScript,src/components/baseball/settings/IntegrationsClient.tsx,24,23,467
TypeScript,src/components/fairway/data-table/data-table.tsx,40,77,467
TypeScript,src/components/features/player-comparison.tsx,50,12,467
TypeScript,src/components/golf/coachhelm/patterns/PatternDashboard.tsx,33,23,467
TypeScript,src/app/golf/(onboarding)/player/page.tsx,53,25,466
TypeScript,scripts/seed-baseball-demo.ts,32,114,465
TypeScript,src/components/lifting/weight/WeightCheckInScheduleBuilder.tsx,58,47,464
SQL,supabase/migrations_archive/pre_20260527/20260311100000_rpc_resilient_detail_inserts.sql,38,32,464
TypeScript,src/app/golf/admin/crm/components/automations/AutomationEditor.tsx,26,8,463
TypeScript,src/components/golf/coachhelm/patterns/PatternCard.tsx,34,18,463
TypeScript,src/app/golf/admin/crm/components/ConferenceGroupView.tsx,25,6,462
TypeScript,src/components/fairway/pages/qualifiers/FairwayNewQualifier.tsx,31,43,462
TypeScript,src/app/golf/admin/crm/components/ImportModal.tsx,55,10,461
TypeScript,src/components/features/profile-editor.tsx,46,0,461
TypeScript,src/lib/baseball/__tests__/exercise-conflict.test.ts,72,65,461
SQL,supabase/migrations_archive/pre_20260527/20260310210000_rpc_exception_handling.sql,40,28,461
TypeScript,src/components/baseball/stat-visuals/StatVisualFrame.tsx,40,95,460
TypeScript,src/lib/types/golf.ts,61,110,460
SQL,supabase/migrations_archive/v1_original/20260109000003_function_audit_log.sql,46,44,460
TypeScript,src/app/golf/actions/round-drafts.ts,68,76,459
TypeScript,src/components/fairway/pages/travel/FairwayItineraryModal.tsx,27,45,459
TypeScript,src/components/fairway/pages/rounds-recover/FairwayRecoverRound.tsx,57,43,457
TypeScript,src/components/lifting/groups/StrengthGroupsClient.tsx,25,9,457
TypeScript,src/components/fairway/pages/messages/MessageConversationRail.tsx,26,62,456
TypeScript,src/components/lifting/performance/LiftProgressionChart.tsx,44,36,456
TypeScript,src/lib/baseball/program-type-variants.ts,29,104,456
TypeScript,src/app/baseball/actions/daily-contract.ts,71,155,455
SQL,supabase/migrations_archive/pre_20260527/20260311223000_fix_round_submit_integrity.sql,35,1,455
TypeScript,src/components/products/golf-mockups/index.tsx,31,16,454
TypeScript,src/lib/coachhelm/v2/learning/cross-learner.ts,94,86,453
TypeScript,scripts/ui-intelligence/normalize-devin-routes.ts,54,120,452
TypeScript,src/components/baseball/box-score/BoxScoreEntry.tsx,33,3,452
TypeScript,src/components/lifting/nutrition/NutritionPlanUploader.tsx,40,36,451
TypeScript,src/app/lifting/actions/invites.ts,80,105,450
TypeScript,src/app/baseball/(dashboard)/dashboard/teams/page.tsx,44,7,449
TypeScript,src/components/fairway/pages/rounds-tracking/FairwayShotEntry.tsx,19,39,448
TypeScript,src/lib/baseball/read-models/signal-inbox.ts,48,98,447
TypeScript,src/components/recruiting/USStateMap.tsx,40,7,446
SQL,supabase/migrations_archive/pre_20260527/20260203000000_strokes_gained_persistence.sql,77,169,445
TypeScript,src/lib/types/baseball-stat-events.ts,27,80,443
TypeScript,src/test/api/cron/coach-morning-digest.test.ts,46,26,443
TypeScript,src/app/baseball/actions/lifting.ts,85,142,442
TypeScript,src/components/fairway/pages/settings/FairwaySettingsCoachingIntelligence.tsx,36,67,440
TypeScript,src/app/lifting/actions/nutrition.ts,89,108,439
TypeScript,src/components/fairway/pages/team/FairwayTeamInfo.tsx,24,35,438
TypeScript,src/app/golf/admin/crm/components/InboundLeadsView.tsx,28,20,437
TypeScript,src/components/golf/tasks/TaskTemplateList.tsx,33,5,437
TypeScript,src/components/fairway/pages/announcements/FairwayCoachAnnouncementCard.tsx,29,22,435
TypeScript,scripts/ui-intelligence/capture-desktop-screenshots.ts,59,92,434
TypeScript,src/components/fairway/command/command-menu.tsx,36,92,434
TypeScript,src/app/golf/(dashboard)/dashboard/components/PlayerDashboard.tsx,32,32,432
TypeScript,src/components/golf/courses/TeeFormDrawer.tsx,53,32,432
TypeScript,src/lib/baseball/csv-utils.ts,70,133,430
TypeScript,src/app/golf/(dashboard)/dashboard/rounds/recover/recover-round-client.tsx,47,14,429
TypeScript,src/app/golf/actions/task-templates.ts,75,81,429
TypeScript,src/app/baseball/actions/onboarding.ts,78,70,428
TypeScript,src/app/golf/admin/components/TeamUserDirectory.tsx,30,1,428
TypeScript,src/components/fairway/pages/qualifiers/FairwayQualifyingWorkspace.tsx,28,41,428
TypeScript,src/test/api/cron/causality-attribute.test.ts,42,65,428
TypeScript,src/components/baseball/player-profile/snapshot-cards/SnapshotCards.tsx,22,34,427
TypeScript,src/app/api/cron/process-sequences/route.ts,46,86,426
TypeScript,src/app/baseball/(public)/program/[id]/page.tsx,28,10,426
TypeScript,src/components/fairway/index.ts,18,71,426
TypeScript,src/components/fairway/pages/dashboard/FairwayPlayerDashboard.tsx,39,66,425
TypeScript,src/components/baseball/stat-visuals/FieldingVisuals.tsx,28,28,423
TypeScript,src/components/golf/coachhelm/analytics/ShotAnalyticsPanel.tsx,26,12,423
TypeScript,src/app/golf/admin/crm/components/TemplatePicker.tsx,35,23,422
TypeScript,src/app/baseball/(dashboard)/dashboard/discover/page.tsx,57,36,421
TypeScript,src/app/golf/(dashboard)/dashboard/settings/coaching-intelligence/page.tsx,34,16,421
TypeScript,src/components/golf/classes/ConfirmClassesModal.tsx,29,8,421
TypeScript,src/lib/coachhelm/baseball/generators/event-families.ts,40,99,420
SQL,supabase/migrations_archive/pre_20260527/20260310200000_fix_rpc_statement_timeouts.sql,38,11,420
TypeScript,src/app/golf/actions/intelligence-dashboard.ts,77,89,419
TypeScript,src/components/fairway/pages/whats-new/FairwayWhatsNew.tsx,38,72,419
TypeScript,src/components/fairway/pages/travel/FairwayExpenseForm.tsx,30,30,418
TypeScript,src/components/golf/announcements/AnnouncementsCoachView.tsx,35,6,417
TypeScript,src/app/golf/(dashboard)/dashboard/tasks/page.tsx,32,29,415
TypeScript,src/app/golf/(dashboard)/dashboard/rounds/continue/[id]/page.tsx,46,39,413
TypeScript,src/components/golf/stats/sections/AnalysisStats.tsx,11,2,413
SQL,supabase/migrations/20260609230000_v3_gender_scoped_sibling_cohorts.sql,15,107,413
TypeScript,src/app/baseball/actions/academics.ts,66,36,411
SQL,supabase/migrations_archive/pre_20260527/20260222200000_baseball_box_score_system.sql,36,59,411
TypeScript,src/components/fairway/pages/messages/FairwayMessages.tsx,45,80,410
TypeScript,src/components/golf/calendar/editorial/EditorialCalendarSurface.tsx,36,104,410
TypeScript,src/app/golf/admin/components/ComparativeBenchmarks.tsx,17,4,409
TypeScript,src/components/golf/layout/GolfSidebar.tsx,24,38,409
TypeScript,src/app/baseball/(dashboard)/dashboard/dev-plans/page.tsx,24,5,408
TypeScript,src/components/baseball/practice-planner/ScrimmageLineupBuilder.tsx,24,33,408
TypeScript,src/components/baseball/settings/PhilosophySettingsClient.tsx,30,19,408
TypeScript,src/lib/offline/indexed-db.ts,101,127,407
SQL,supabase/migrations_archive/v1_original/20260105000002_coachhelm_v2_intelligence.sql,48,48,407
TypeScript,src/app/golf/admin/crm/components/CoachFilters.tsx,37,14,406
TypeScript,src/lib/coachhelm/baseball/effectiveness/engine.ts,51,145,406
TypeScript,src/lib/baseball/read-models/scout-packet.ts,40,107,405
TypeScript,src/app/golf/(dashboard)/dashboard/stats/team/page.tsx,31,75,404
TypeScript,src/app/golf/actions/__tests__/calendar-sync.test.ts,50,27,403
TypeScript,src/components/baseball/dashboard/PositionNeedsMatrix.tsx,36,16,403
TypeScript,src/components/golf/coachhelm/analytics/ShotTypeBreakdown.tsx,31,8,403
TypeScript,src/app/golf/admin/components/DataFreshnessAlerts.tsx,16,0,402
TypeScript,src/lib/coachhelm/v2/mining/causal-engine.ts,73,134,402
TypeScript,src/app/baseball/(dashboard)/dashboard/camps/page.tsx,34,10,401
TypeScript,src/components/golf/stats/sections/shared-primitives.tsx,39,34,401
TypeScript,src/lib/baseball/adapters/index.ts,50,127,401
TypeScript,src/app/golf/(dashboard)/dashboard/players/[playerId]/page.tsx,57,90,400
TypeScript,src/app/baseball/actions/lift-builder.ts,70,138,398
TypeScript,src/app/golf/actions/stats-leak-maps.ts,49,131,398
TypeScript,src/components/fairway/pages/recruiting/FairwayRecruitDocuments.tsx,31,35,398
TypeScript,src/components/fairway/pages/travel/FairwayTripDetail.tsx,23,43,398
TypeScript,src/components/fairway/pages/rounds-tracking/FairwayEditShotModal.tsx,19,25,397
SQL,supabase/migrations/20260625000010_helm_lifting_data_library_programs.sql,45,60,397
TypeScript,src/app/baseball/(dashboard)/dashboard/camps/[id]/page.tsx,38,3,396
TypeScript,src/app/golf/(auth)/reset-password/page.tsx,29,11,393
TypeScript,src/app/golf/actions/v3/goals.ts,46,81,393
TypeScript,src/app/golf/admin/crm/components/resend/ResendActivityView.tsx,34,12,392
TypeScript,src/components/lifting/performance/BodyweightChart.tsx,50,30,392
TypeScript,src/app/golf/admin/crm/components/PipelineView.tsx,32,9,391
TypeScript,src/components/fairway/pages/qualifiers/FairwayQualifiers.tsx,39,100,391
TypeScript,src/components/golf/travel/ExpenseForm.tsx,28,13,391
TypeScript,src/app/golf/(auth)/demo/page.tsx,37,25,388
TypeScript,src/app/golf/admin/crm/components/badges/EngagementDetailDrawer.tsx,39,18,388
TypeScript,src/components/video/VideoClipper.tsx,53,8,388
SQL,supabase/migrations_archive/pre_20260527/20260210000000_fix_stats_cache_9_hole_support.sql,18,18,388
TypeScript,src/components/golf/coachhelm/patterns/PatternTimeline.tsx,34,18,386
TypeScript,src/app/api/admin/crm/send-email/route.ts,42,47,385
TypeScript,src/components/golf/dashboard/today-timeline.tsx,33,15,385
TypeScript,src/lib/coachhelm/v2/prediction/trajectory-forecaster.ts,81,93,385
TypeScript,src/app/golf/admin/crm/components/sequences/SequenceBuilder.tsx,27,31,383
TypeScript,src/lib/baseball/read-models/live-weight-room.ts,32,51,383
TypeScript,src/lib/coachhelm/v3/themes/assemble.ts,51,309,382
TypeScript,src/app/baseball/actions/postgame.ts,45,120,381
TypeScript,src/components/fairway/pages/rounds-tracking/FairwayShotTracking.tsx,69,91,380
TypeScript,src/components/baseball/practice-player/PlayerPracticeClient.tsx,32,32,379
TypeScript,src/app/golf/actions/__tests__/golf-events.test.ts,99,56,378
TypeScript,src/components/fairway/pages/messages/FairwayTeamBroadcastSheet.tsx,32,31,378
TypeScript,src/components/golf/calendar/RSVPStatusSection.tsx,29,23,377
TypeScript,src/components/baseball/box-score/BoxScoreUpload.tsx,44,2,376
TypeScript,src/components/baseball/performance/PlayerInspectorPanel.tsx,34,48,376
TypeScript,src/components/golf/coachhelm/insights/EvidencePanel.tsx,23,93,376
TypeScript,src/lib/baseball/__tests__/operational-rule-engine.test.ts,28,14,375
TypeScript,src/app/baseball/actions/calendar.ts,88,53,374
TypeScript,src/components/baseball/passport/PassportVisibilityControls.tsx,27,66,373
TypeScript,src/components/baseball/signals/SignalCard.tsx,23,53,373
TypeScript,src/components/baseball/travel/TravelClient.tsx,30,5,373
TypeScript,src/components/golf/coachhelm/coach/PrescribedPracticePlanCard.tsx,34,25,373
TypeScript,src/components/golf/recruiting/RecruitFormSheet.tsx,19,9,373
TypeScript,src/app/golf/actions/crm-templates.ts,51,113,371
TypeScript,src/components/lifting/players/PlayerLiftSessionClient.tsx,25,28,371
TypeScript,src/lib/coachhelm/v2/analytics/effectiveness-writer.ts,49,93,371
TypeScript,src/components/baseball/coach-daily-contract/CoachDailyContracts.tsx,28,50,370
TypeScript,src/components/golf/calendar/DayView.tsx,43,15,370
TypeScript,src/components/golf/messages/GolfTeamBroadcastModal.tsx,30,9,370
TypeScript,src/components/landing/MobileNav.tsx,18,6,369
TypeScript,src/components/baseball/performance/PlayerLiftToday.tsx,22,39,368
TypeScript,src/components/fairway/pages/tasks/FairwayTaskTemplateList.tsx,21,18,368
TypeScript,src/lib/baseball/postgame/build-review.ts,45,99,368
TypeScript,src/lib/coachhelm/v2/prediction/performance-predictor.ts,56,111,368
TypeScript,src/test/fixtures/golf-shots.ts,23,30,368
TypeScript,src/components/fairway/pages/coachhelm/GenomeCompareView.tsx,29,63,367
TypeScript,src/components/baseball/passport/ScoutPacketView.tsx,24,33,366
TypeScript,src/lib/coachhelm/v3/themes/shot-drivers.ts,66,120,366
TypeScript,src/components/golf/announcements/AnnouncementsPlayerView.tsx,37,10,365
TypeScript,src/lib/coachhelm/baseball/generators/v10.ts,41,95,365
TypeScript,src/app/vizlab/VizLabClient.tsx,25,8,364
TypeScript,src/components/fairway/pages/hub/FairwayPlayerHub.tsx,41,119,364
SQL,supabase/migrations_archive/pre_20260527/20260518124505_fix_live_db_lint_errors.sql,21,4,364
TypeScript,src/components/golf/calendar/NotificationCenter.tsx,30,15,363
TypeScript,src/lib/baseball/import-matching.ts,49,224,363
SQL,supabase/migrations_archive/pre_20260527/20260420000000_resend_activity_mirror.sql,51,67,363
TypeScript,src/components/fairway/cards-insight/InsightPanel.tsx,35,95,362
TypeScript,src/lib/coachhelm/v3/goals/suggestion-writer.ts,61,146,362
TypeScript,src/components/baseball/video/VideoCard.tsx,37,28,361
TypeScript,src/components/golf/RoundSubmitOverlay.tsx,24,27,360
SQL,supabase/migrations_archive/pre_20260527/20260221140000_fix_strokes_gained_rpcs_v2.sql,45,53,359
SQL,supabase/migrations_archive/pre_20260527/20260421000004_secure_perf_rpcs.sql,10,46,358
TypeScript,src/app/baseball/actions/watchlist.ts,76,25,357
TypeScript,src/app/golf/actions/onboarding.ts,61,90,357
TypeScript,src/components/coach/discover/TeamCard.tsx,19,1,357
TypeScript,src/components/fairway/pages/coachhelm/FairwayDrivingSpray.tsx,34,30,357
SQL,supabase/migrations_archive/pre_20260527/20260311150000_scoring_avg_18_hole_only.sql,29,37,357
TypeScript,src/lib/coachhelm/baseball/loaders.ts,46,139,356
TypeScript,src/lib/coachhelm/v3/engine/generator-base.ts,41,259,356
TypeScript,src/app/golf/actions/alerts.ts,57,83,355
TypeScript,src/components/golf/calendar/EventDocumentsSection.tsx,22,12,355
TypeScript,src/lib/coachhelm/baseball/generators/index.ts,56,126,355
TypeScript,src/app/baseball/actions/staff.ts,57,112,354
TypeScript,src/hooks/golf/use-offline-sync.ts,71,73,353
TypeScript,src/app/golf/actions/__tests__/travel.test.ts,55,41,351
TypeScript,src/components/fairway/cards-insight/InsightCard.tsx,32,155,351
TypeScript,src/components/fairway/pages/player-game/FairwayGolfClasses.tsx,16,53,351
TypeScript,src/lib/types/baseball-signals.ts,37,109,351
TypeScript,scripts/seed-rini-baseball-demo.ts,35,40,350
TypeScript,src/components/golf/coachhelm/analytics/InsightEffectivenessPanel.tsx,20,12,349
TypeScript,src/components/ui/empty-state.tsx,29,37,349
TypeScript,src/app/api/cron/coach-morning-digest/route.ts,43,42,348
TypeScript,src/components/baseball/passport/ScoutPacketManager.tsx,21,27,348
TypeScript,src/components/golf/calendar/CalendarDayViewSwipeable.tsx,36,26,347
TypeScript,src/lib/coachhelm/v2/nlg/insight-composer.ts,64,82,347
TypeScript,src/test/golf/components/StandingBar.test.tsx,40,45,347
SQL,supabase/migrations_archive/pre_20260527/20260313100000_admin_dashboard_upgrade.sql,16,33,346
TypeScript,src/app/baseball/(auth)/reset-password/page.tsx,22,6,345
TypeScript,src/app/baseball/(dashboard)/dashboard/settings/page.tsx,23,6,344
TypeScript,src/components/baseball/documents/DocumentPreview.tsx,32,6,344
TypeScript,src/components/golf/stats/sections/OverviewStats.tsx,16,7,344
TypeScript,src/components/ui/input.tsx,16,6,344
TypeScript,src/app/about/page.tsx,18,0,343
TypeScript,src/app/golf/(dashboard)/dashboard/roster/[id]/page.tsx,29,19,343
TypeScript,src/test/coachhelm/v3/ApproachMissGenerator.test.ts,32,44,343
TypeScript,src/components/golf/classes/UploadScheduleModal.tsx,43,31,342
TypeScript,src/app/golf/actions/__tests__/dashboard-data.test.ts,57,53,341
TypeScript,src/app/golf/actions/calendar-sync.ts,64,113,341
TypeScript,src/components/baseball/dashboard/HotLeadsSection.tsx,23,12,341
TypeScript,src/components/golf/documents/DocumentPreview.tsx,28,17,341
TypeScript,src/app/golf/(dashboard)/dashboard/team/team-settings-client.tsx,36,11,340
SQL,supabase/migrations_archive/pre_20260527/20260421000007_admin_analytics.sql,20,78,340
TypeScript,src/components/fairway/pages/travel/FairwayTravel.tsx,32,65,339
SQL,supabase/migrations_archive/v1_original/016_create_golf_schema.sql,57,72,339
TypeScript,src/app/golf/actions/crm-foundations.ts,69,36,338
TypeScript,src/components/fairway/pages/coachhelm/FairwayTeamStats.test.ts,41,12,338
TypeScript,src/components/baseball/documents/DocumentCard.tsx,20,3,337
TypeScript,src/app/lifting/actions/sessions.ts,70,51,335
TypeScript,src/components/fairway/pages/dashboard/player-dashboard-parts.tsx,23,58,335
TypeScript,src/components/products/GolfHelmSection.tsx,16,4,335
TypeScript,src/components/fairway/pages/calendar/FairwayEventDetailDrawer.tsx,24,53,334
TypeScript,src/components/golf/coachhelm/patterns/PatternValidationModal.tsx,19,19,334
TypeScript,src/components/golf/stats/sections/PuttingStats.tsx,16,20,334
TypeScript,src/components/golf/travel/ExpenseSummary.tsx,21,13,334
TypeScript,src/components/lifting/programs/ProgramListClient.tsx,21,12,334
TypeScript,src/app/lifting/actions/readiness.ts,65,47,333
TypeScript,src/components/golf/CommandPalette.tsx,24,47,333
TypeScript,src/components/golf/recruiting/RecruitDocuments.tsx,27,10,333
TypeScript,src/lib/calendar/rsvp.ts,66,106,333
TypeScript,src/hooks/coachhelm/useRoundReviewV2.ts,47,81,332
TypeScript,src/test/golf/actions/development.test.ts,51,25,332
TypeScript,src/test/golf/components/InsightCard.test.tsx,45,54,332
SQL,supabase/migrations_archive/v1_original/064_enable_rls_team_scoping.sql,65,101,332
TypeScript,src/app/baseball/actions/auth.ts,63,59,331
TypeScript,src/components/coach/CreateDevPlanModal.tsx,30,2,331
TypeScript,src/components/fairway/pages/rounds-new/FairwayRoundSubmitOverlay.tsx,22,18,331
TypeScript,src/components/golf/calendar/CalendarSyncButton.tsx,25,22,331
TypeScript,src/components/golf/travel/ExpenseList.tsx,25,0,331
TypeScript,src/app/baseball/(auth)/demo/page.tsx,37,22,330
TypeScript,src/lib/coachhelm/v2/insights/upsert.ts,52,131,330
TypeScript,src/components/lifting/performance/SorenessHistoryPanel.tsx,42,31,329
SQL,supabase/migrations_archive/pre_20260527/038_golf_calendar_tables.sql,53,45,329
TypeScript,src/components/fairway/pages/coachhelm/GoalsSection.tsx,29,71,328
TypeScript,src/components/fairway/pages/team-hub/FairwayTeamHub.tsx,35,67,328
TypeScript,src/components/landing/Hero.tsx,28,1,328
TypeScript,src/app/golf/(dashboard)/dashboard/qualifiers/[id]/page.tsx,36,12,327
TypeScript,src/components/golf/coachhelm/player/ShotAnalysisCard.tsx,19,10,327
TypeScript,src/lib/coachhelm/v2/learning/outcome-validator.ts,47,97,327
TypeScript,src/components/golf/coachhelm/v3/PuttHeatmap/index.tsx,17,14,326
TypeScript,src/test/coachhelm/v3/composite-w305.test.ts,39,59,326
TypeScript,src/test/golf/actions/player-fingerprint.test.ts,31,44,326
TypeScript,src/app/golf/actions/calendar-feeds.ts,66,35,325
TypeScript,src/components/baseball/ui/GroupAvailabilityGrid.tsx,29,83,325
TypeScript,src/components/golf/calendar/SubscriptionInstructions.tsx,20,25,325
TypeScript,src/app/golf/actions/player-profile-stats.ts,38,54,324
TypeScript,src/app/golf/admin/crm/components/resend/EmailsTable.tsx,22,5,324
TypeScript,src/components/baseball/settings/SeasonSettingsClient.tsx,18,16,324
TypeScript,src/components/baseball/stat-visuals/PerformanceVisuals.tsx,22,24,324
TypeScript,src/components/golf/OfflineIndicator.tsx,33,38,324
TypeScript,src/components/golf/coachhelm/RoundStatsComparison.tsx,35,30,324
TypeScript,src/lib/types/baseball-extended.ts,47,138,324
TypeScript,src/app/golf/(dashboard)/dashboard/players/[playerId]/game/sections/FingerprintHero.tsx,21,32,323
TypeScript,src/app/golf/admin/crm/components/TodayQueue.tsx,20,65,323
TypeScript,src/components/baseball/player-profile/ProfileTimeline.tsx,33,50,323
TypeScript,src/components/baseball/team/BatchVideoUpload.tsx,28,4,323
TypeScript,src/components/golf/coachhelm/analytics/CoachHelmAnalyticsDashboard.tsx,26,10,323
TypeScript,src/test/api/cron/event-reminders.test.ts,45,24,323
TypeScript,src/app/baseball/(dashboard)/dashboard/journey/page.tsx,23,2,322
TypeScript,src/components/fairway/pages/recruiting/FairwayRecruitingPage.tsx,24,60,322
TypeScript,src/lib/baseball/read-models/__tests__/elite-stat-events.test.ts,30,20,322
TypeScript,src/app/lifting/(dashboard)/dashboard/command/page.tsx,29,30,321
TypeScript,src/components/golf/roster/PlayerActionsMenu.tsx,24,8,321
SQL,supabase/migrations_archive/v1_original/017_golf_rls_policies.sql,69,70,321
TypeScript,src/components/golf/calendar/MonthView.tsx,22,11,320
TypeScript,src/lib/baseball/class-conflict-engine.ts,38,103,320
SQL,supabase/migrations_archive/pre_20260527/042_sport_specific_messaging_tables.sql,58,51,320
SQL,supabase/migrations_archive/v1_original/20260111000001_baseball_team_management.sql,72,70,320
TypeScript,src/app/baseball/actions/team-season-settings.ts,49,48,319
TypeScript,src/app/golf/(dashboard)/dashboard/coachhelm/loading.tsx,32,14,319
TypeScript,src/components/baseball/position-planner/PositionPlayerPill.tsx,24,15,319
TypeScript,src/components/baseball/roster/PlayerRow.tsx,35,8,319
TypeScript,src/components/golf/calendar/AvailabilityDayView.tsx,27,20,319
TypeScript,src/components/lifting/performance/PerformanceCompliancePanel.tsx,32,26,319
TypeScript,src/app/golf/actions/insight-evidence.ts,34,41,317
TypeScript,src/lib/email/coach-digest-template.ts,48,25,316
TypeScript,src/app/golf/actions/__tests__/stats-data.test.ts,55,40,315
TypeScript,src/components/baseball/performance/lift-canvas/ExerciseBin.tsx,28,24,315
TypeScript,src/components/golf/settings/JoinTeamSection.tsx,31,6,315
TypeScript,src/components/auth/golf-sign-up-form.tsx,26,12,314
TypeScript,src/components/baseball/practice-planner/BlockObjectiveEditor.tsx,23,39,314
TypeScript,src/components/golf/calendar/AttendancePanel.tsx,42,40,314
TypeScript,src/app/baseball/actions/scout-packet.ts,47,97,313
TypeScript,src/lib/baseball/read-models/coach-daily-contracts.ts,43,109,313
TypeScript,src/app/golf/(dashboard)/dashboard/development/page.tsx,38,68,312
TypeScript,src/app/golf/actions/whats-new.ts,41,73,312
TypeScript,src/app/golf/admin/crm/components/ContactLogModal.tsx,31,4,312
TypeScript,src/components/fairway/pages/roster/FairwayPlayerActionsMenu.tsx,38,73,312
TypeScript,src/components/golf/coachhelm/insights/InsightListView.tsx,28,28,311
TypeScript,src/app/golf/admin/components/UserActivityTable.tsx,22,0,310
TypeScript,src/app/golf/admin/crm/components/EventDetailModal.tsx,26,12,310
TypeScript,src/components/baseball/command-center/BaseballInviteButton.tsx,25,1,310
TypeScript,src/lib/calendar/availability.ts,63,102,310
SQL,supabase/migrations_archive/pre_20260527/031_golf_coachhelm.sql,85,48,310
SQL,supabase/migrations_archive/pre_20260527/037_baseball_missing_tables.sql,54,45,310
TypeScript,src/components/lifting/players/PlayerLiftToday.tsx,19,21,309
TypeScript,src/app/golf/admin/crm/components/pipeline/PipelineKanban.tsx,25,29,308
TypeScript,src/components/baseball/stat-visuals/StatVisualsSection.tsx,26,73,308
TypeScript,src/components/fairway/pages/qualifiers/FairwayQualifierLeaderboard.tsx,28,68,307
TypeScript,src/lib/coachhelm/v2/simulation/monte-carlo.ts,49,63,307
TypeScript,src/app/api/cron/coachhelm-insight-lifecycle/route.ts,37,99,306
TypeScript,src/components/baseball/tasks/TaskCard.tsx,21,1,306
TypeScript,src/components/fairway/pages/settings/FairwaySettingsNotifications.tsx,31,35,306
SQL,supabase/migrations_archive/v1_original/20260111000002_coach_recruiting_philosophy.sql,48,63,306
TypeScript,src/components/fairway/pages/rounds-tracking/FairwayScorecardHeader.tsx,20,33,305
TypeScript,src/components/lifting/weight/WeightComplianceBoard.tsx,43,44,305
TypeScript,src/components/baseball/practice-planner/ScrimmagePanel.tsx,22,19,304
TypeScript,src/components/errors/RouteErrorBoundary.tsx,31,100,304
TypeScript,src/test/coachhelm/v2/insights/upsert.test.ts,35,37,304
SQL,supabase/migrations_archive/v1_original/041_batch9_rls_policies.sql,49,74,304
TypeScript,src/app/golf/admin/components/AuditFeed.tsx,20,0,303
TypeScript,src/app/golf/admin/components/PlatformHealthCard.tsx,18,2,303
TypeScript,src/components/baseball/practice-planner/TimeRailBuilder.tsx,23,31,303
TypeScript,src/components/baseball/signals/SignalDrillDown.tsx,24,40,303
TypeScript,src/components/golf/coachhelm/v3/HoleShotPath/index.tsx,19,41,303
TypeScript,src/lib/coachhelm/v3/causality/attribute.ts,24,167,303
TypeScript,src/hooks/golf/use-task-realtime.ts,34,67,302
TypeScript,src/app/api/crm/google-calendar/sync/route.ts,50,31,301
TypeScript,src/app/lifting/(auth)/login/page.tsx,24,1,300
TypeScript,src/components/baseball/season-stats/PlayerGameLog.tsx,19,2,300
TypeScript,src/components/player/settings/PrivacySettingsForm.tsx,18,3,300
TypeScript,src/app/baseball/(dashboard)/dashboard/program/page.tsx,44,87,299
TypeScript,src/components/fairway/pages/announcements/FairwayAnnouncements.tsx,30,67,299
TypeScript,src/app/lifting/(dashboard)/dashboard/page.tsx,34,22,298
TypeScript,src/components/coach/discover/SmartEmptyState.tsx,22,9,298
TypeScript,src/lib/utils/__tests__/shot-helpers.test.ts,86,42,298
SQL,supabase/tests/rls/baseball_settings_os.sql,24,62,298
TypeScript,src/components/fairway/controls/Toolbar.tsx,33,120,297
TypeScript,src/components/golf/coachhelm/player/FocusAreasGrid.tsx,28,24,297
TypeScript,src/app/api/cron/v3/standing-refresh/route.ts,20,91,296
TypeScript,src/app/golf/(auth)/forgot-password/page.tsx,15,3,296
TypeScript,src/app/golf/admin/crm/components/resend/DomainBreakdown.tsx,18,7,296
TypeScript,src/components/fairway/pages/recruiting/FairwayRecruitFormSheet.tsx,22,18,296
TypeScript,src/lib/error-logging.ts,39,88,296
SQL,supabase/migrations_archive/pre_20260527/039_golf_analytics_tables.sql,58,51,296
TypeScript,src/app/baseball/(auth)/forgot-password/page.tsx,16,1,295
TypeScript,src/app/golf/admin/components/overview/RecentActivityFeed.tsx,29,29,295
TypeScript,src/components/baseball/settings/AiAuditLog.tsx,25,29,295
TypeScript,src/components/baseball/dashboard/TeamHealthHero.tsx,18,7,294
TypeScript,src/components/baseball/peek-panel/PlayerPeekContent.tsx,30,5,294
TypeScript,src/lib/baseball/signal-from-insight.ts,30,145,294
TypeScript,src/components/baseball/performance/ProgramListClient.tsx,17,13,293
TypeScript,src/components/fairway/pages/messages/FairwayNewMessageSheet.tsx,40,33,293
TypeScript,src/components/golf/coachhelm/alerts/AlertCard.tsx,21,12,293
TypeScript,src/components/golf/messages/GolfNewMessageModal.tsx,40,17,293
TypeScript,src/test/coachhelm/v3/composite.test.ts,30,46,293
SQL,supabase/migrations/20260624000081_baseball_staff_roles_scope_audit.sql,34,76,293
TypeScript,src/app/api/calendar/events/route.ts,32,19,292
TypeScript,src/lib/coachhelm/v2/reasoning/reasoning-engine.ts,59,66,292
TypeScript,src/lib/coachhelm/v3/composite/synthesis.ts,27,177,292
TypeScript,src/components/fairway/charts/TrendChart.tsx,23,27,291
TypeScript,src/hooks/useRSVP.ts,46,59,291
TypeScript,src/app/golf/admin/components/InfraHealthCard.tsx,15,0,290
TypeScript,src/components/baseball/command-center/analytics/TrendAnalysisPanel.tsx,25,1,290
TypeScript,src/components/golf/roster/JoinRequestsModal.tsx,30,6,290
SQL,supabase/migrations_archive/pre_20260527/20260424015134_admin_rollup_function_perf.sql,7,32,290
TypeScript,src/components/auth/baseball-sign-up-form.tsx,22,4,289
TypeScript,src/components/baseball/tasks/CreateTaskModal.tsx,24,0,289
TypeScript,src/components/lifting/readiness/ReadinessBoardClient.tsx,22,9,289
TypeScript,src/lib/coachhelm/v3/engine/shot-source.ts,29,104,289
TypeScript,src/app/api/cron/event-reminders/route.ts,42,54,288
TypeScript,src/app/golf/actions/auth.ts,55,56,288
TypeScript,src/components/golf/courses/CourseLibraryClient.tsx,22,19,288
TypeScript,src/components/ui/badge.tsx,28,103,288
TypeScript,src/hooks/useAdminRealtime.ts,42,38,288
JavaScript,scripts/migrate-raw-buttons.mjs,33,38,287
TypeScript,src/app/golf/(dashboard)/dashboard/rounds/[id]/page.tsx,30,22,287
TypeScript,src/app/golf/actions/stats-intelligence.ts,47,56,287
TypeScript,src/components/golf/coachhelm/alerts/CoachAlertCenter.tsx,16,17,287
TypeScript,src/test/coachhelm/v2/mining/course-management.test.ts,29,31,287
TypeScript,src/app/golf/(auth)/signup/page.tsx,19,26,286
TypeScript,src/components/baseball/stat-visuals/chart-primitives.tsx,20,41,286
TypeScript,src/components/fairway/pages/roster/FairwayIntentControl.tsx,25,92,286
TypeScript,src/app/golf/actions/admin-system-data.ts,39,31,285
TypeScript,src/app/golf/admin/components/TracerTab.tsx,36,26,285
TypeScript,src/app/baseball/actions/travel.ts,51,22,284
TypeScript,src/components/fairway/pages/my-qualifiers/FairwayMyQualifiers.tsx,24,62,284
TypeScript,src/components/golf/documents/TextPreview.tsx,25,6,284
TypeScript,src/components/golf/qualifiers/QualifierBracket.tsx,21,1,284
TypeScript,src/lib/baseball/__tests__/ai-policy-enforcement.test.ts,37,45,284
TypeScript,src/app/golf/admin/crm/components/QuickActionsToolbar.tsx,24,7,283
TypeScript,src/components/fairway/charts/Ribbon.tsx,26,32,283
TypeScript,src/test/coachhelm/v3/generator-base-retraction.test.ts,34,29,283
SQL,supabase/migrations_archive/pre_20260527/040_golf_shot_system.sql,79,95,283
TypeScript,src/app/baseball/(auth)/login/page.tsx,17,3,282
TypeScript,src/components/baseball/dashboard/TeamStatsChart.tsx,18,14,282
TypeScript,src/lib/baseball/read-models/command-center.ts,32,78,282
TypeScript,src/components/panels/PlayerPeekPanel.tsx,25,5,281
TypeScript,src/lib/coachhelm/insight-types.ts,25,26,281
TypeScript,src/lib/coachhelm/v2/mining/tee-strategy.ts,38,55,281
TypeScript,src/lib/coachhelm/v3/chat/tools.ts,45,79,281
TypeScript,src/app/golf/(dashboard)/dashboard/qualifiers/new/new-qualifier-client.tsx,30,1,280
TypeScript,src/app/golf/actions/resend-activity.ts,69,52,280
SQL,supabase/migrations/20260625000000_helm_lifting_identity.sql,43,83,279
SQL,supabase/migrations_archive/v1_original/073_caldav_sync.sql,56,57,279
TypeScript,src/app/golf/actions/v3/llm.ts,28,57,278
TypeScript,src/components/fairway/charts/LeakMap.tsx,23,43,278
TypeScript,src/lib/baseball/daily-contract/__tests__/missed-sweep.test.ts,47,57,278
TypeScript,src/test/app/golf/dashboard/players/PlayerGameFingerprint.test.tsx,39,30,278
TypeScript,src/test/golf/components/CoachInsightCard.test.tsx,39,49,278
TypeScript,src/app/baseball/(dashboard)/dashboard/compare/page.tsx,26,4,277
TypeScript,src/components/fairway/pages/roster/FairwayInvitePlayerButton.tsx,23,58,277
TypeScript,src/app/baseball/actions/dev-plans.ts,54,32,276
TypeScript,src/components/CommandPalette.tsx,17,3,276
TypeScript,src/components/lifting/nutrition/NutritionPlanAssignmentsTable.tsx,28,31,276
TypeScript,src/lib/types/baseball-stat-visuals.ts,58,149,275
TypeScript,src/components/golf/calendar/CalendarAvatarSidebar.tsx,26,10,274
TypeScript,src/components/golf/calendar/PlayerRSVPCard.tsx,20,20,274
SQL,supabase/migrations_archive/pre_20260527/20260214210000_create_crm_events.sql,40,43,274
TypeScript,src/app/baseball/actions/practice-scrimmage.ts,46,73,273
TypeScript,src/app/golf/actions/__tests__/course-library.test.ts,46,15,273
TypeScript,src/components/baseball/player-stats/TrendChart.tsx,21,8,273
TypeScript,src/app/golf/actions/crm-timeline.ts,31,51,272
TypeScript,src/app/golf/admin/components/AdminToast.tsx,50,41,272
TypeScript,src/components/baseball/command-center/DailyBriefPanel.tsx,16,75,272
TypeScript,src/components/products/HelmFlipAnimation.tsx,47,35,272
TypeScript,src/app/golf/actions/__tests__/program-onboarding.test.ts,72,39,271
TypeScript,src/components/baseball/command-center/analytics/PlayerPerformanceGrid.tsx,21,2,271
TypeScript,src/app/baseball/join/[code]/join-team-client.tsx,23,6,270
TypeScript,src/components/fairway/pages/coachhelm/FairwayGoalCard.tsx,33,95,270
TypeScript,src/test/app/golf/dashboard/coachhelm/PlayerCoachHelmDashboard.test.tsx,32,46,270
TypeScript,src/app/golf/admin/crm/components/notes/NoteCard.tsx,20,8,269
TypeScript,src/app/golf/admin/crm/components/sequences/SequenceStepEditor.tsx,15,10,269
TypeScript,src/components/baseball/command-center/TeamPlayerPeekPanel.tsx,22,2,269
TypeScript,src/components/fairway/cards-insight/MetricCard.tsx,28,78,269
TypeScript,src/lib/coachhelm/types.ts,37,27,269
TypeScript,src/app/baseball/(dashboard)/dashboard/settings/recruiting-preferences/recruiting-preferences-client.tsx,24,2,268
TypeScript,src/app/golf/admin/crm/components/suppressions/SuppressionsAdminPanel.tsx,17,5,268
TypeScript,src/lib/baseball/__tests__/stat-event-adapters.test.ts,29,40,268
TypeScript,src/lib/golf/__tests__/resolve-team-switcher.test.ts,29,52,268
TypeScript,src/app/golf/admin/components/tracer/TracerHealthOverview.tsx,18,13,267
TypeScript,src/lib/baseball/read-models/strength-groups.ts,27,39,267
TypeScript,src/app/golf/actions/__tests__/insight-delivery-coach-feed.test.ts,38,103,266
TypeScript,src/components/golf/coachhelm/analytics/MissPatternChart.tsx,30,16,266
TypeScript,src/lib/baseball/ai-policy.ts,39,183,266
TypeScript,src/lib/coachhelm/v3/llm/compose.ts,21,81,266
SQL,supabase/migrations/20260609120000_pressure_gate_count_ge_3.sql,8,42,266
TypeScript,src/app/golf/actions/admin/rollup-a.ts,22,65,265
TypeScript,src/components/baseball/box-score/BoxScoreView.tsx,16,2,265
TypeScript,src/components/fairway/pages/tasks/FairwayCreateTaskModal.tsx,26,39,265
TypeScript,src/components/golf/roster/PendingJoinRequests.tsx,27,4,265
TypeScript,src/lib/golf/__tests__/distance-units.test.ts,53,72,265
TypeScript,scripts/seed-admin-events.ts,58,33,264
TypeScript,src/components/golf/scenes/CoastalScene.tsx,21,22,264
SQL,supabase/migrations_archive/v1_original/011_create_events_and_camps.sql,58,54,264
TypeScript,src/app/golf/(dashboard)/dashboard/team/team-info-player.tsx,10,1,263
TypeScript,src/app/golf/admin/components/UserDetailPanel.tsx,19,2,263
TypeScript,src/components/baseball/performance/PlayerReadinessClient.tsx,17,9,263
TypeScript,src/components/baseball/season-stats/SeasonStatsTable.tsx,23,2,263
TypeScript,src/lib/utils/__tests__/approach-putting-avg.test.ts,23,66,263
SQL,supabase/migrations/20260606120000_v3_round_metrics_cohort_and_team_pct_guard.sql,6,43,263
SQL,supabase/migrations/20260606120100_v3_standing_team_pct_tiny_n_guard.sql,15,33,263
TypeScript,src/app/baseball/actions/coach-notes.ts,55,90,262
TypeScript,src/app/golf/actions/__tests__/golf-schemas.test.ts,37,14,262
TypeScript,src/app/golf/admin/components/LiveActivityFeed.tsx,33,17,262
TypeScript,src/app/golf/admin/crm/components/tasks/CreateTaskDialog.tsx,21,6,262
TypeScript,src/components/baseball/dashboard/UpcomingSection.tsx,16,6,262
TypeScript,src/components/golf/calendar/FeedCard.tsx,20,22,262
TypeScript,src/components/ui/modal.tsx,28,6,262
SQL,supabase/migrations_archive/v1_original/001_schema.sql,29,26,262
TypeScript,src/app/baseball/(dashboard)/dashboard/activate/page.tsx,20,1,261
TypeScript,src/app/golf/admin/components/ErrorSpotlight.tsx,14,0,261
TypeScript,src/app/golf/admin/crm/components/resend/LiveActivityFeed.tsx,23,13,261
TypeScript,src/components/baseball/roster/RosterBoards.tsx,23,23,261
TypeScript,src/components/fairway/pages/coachhelm/signals/patternToInsightVocabulary.ts,32,156,261
TypeScript,src/components/golf/calendar/__tests__/AttendancePanel.test.tsx,50,22,261
TypeScript,src/components/golf/tasks/ReminderPicker.tsx,24,7,261
TypeScript,src/components/ui/card.tsx,21,56,261
TypeScript,src/components/ui/search-autocomplete.tsx,22,9,261
TypeScript,src/lib/baseball/tasks/__tests__/reminder-sweep.test.ts,33,36,261
TypeScript,scripts/recompute-sg-cache.ts,34,54,260
TypeScript,src/app/golf/actions/recruiting.ts,36,16,260
SQL,supabase/migrations_archive/pre_20260527/032_baseball_advanced.sql,32,41,260
SQL,supabase/migrations_archive/v1_original/20240101000000_create_golf_tables.sql,31,14,260
TypeScript,src/app/api/cron/v3/causality-attribute/route.ts,21,113,259
TypeScript,src/components/golf/__tests__/calculate-hole-stats.test.ts,51,5,259
TypeScript,src/components/lifting/sessions/SessionListClient.tsx,16,10,259
TypeScript,src/lib/coachhelm/v3/generators/course-mgmt.ts,17,69,259
TypeScript,src/lib/coachhelm/v3/themes/shot-drivers.test.ts,34,41,259
TypeScript,src/lib/types/baseball-staff-roles.ts,19,80,259
TypeScript,src/lib/types/baseball-video-classes.ts,25,83,259
TypeScript,src/app/golf/(dashboard)/dashboard/my-standing/page.tsx,16,32,258
TypeScript,src/components/fairway/app-shell/AppShell.tsx,32,98,258
TypeScript,src/components/fairway/view-header/view-header.tsx,23,82,258
TypeScript,src/components/golf/stats/GolfStatsDisplay.tsx,23,13,258
TypeScript,src/app/baseball/actions/announcements.ts,55,49,257
TypeScript,src/app/golf/actions/crm-gmail-send.ts,27,72,257
TypeScript,src/app/golf/admin/crm/components/automations/AutomationsList.tsx,19,5,257
TypeScript,src/components/fairway/app-shell/FairwaySidebar.tsx,17,55,257
TypeScript,src/components/features/notification-center.tsx,21,1,257
TypeScript,src/components/golf/stats/StatsIntelligenceStrip.tsx,20,17,257
SQL,supabase/tests/rls/baseball_lifting_visibility.sql,11,51,257
TypeScript,src/app/lifting/(auth)/reset-password/page.tsx,15,1,256
TypeScript,src/components/baseball/NotificationBell.tsx,33,53,256
TypeScript,src/components/baseball/settings/SettingsAuditClient.tsx,18,22,256
TypeScript,src/components/features/video-upload.tsx,25,0,256
JavaScript,scripts/regen-docs.mjs,26,34,255
TypeScript,src/app/golf/admin/components/AdminErrorBoundary.tsx,39,39,255
TypeScript,src/app/golf/admin/crm/components/AddCoachModal.tsx,18,0,255
TypeScript,src/components/baseball/position-planner/BaseballDiamond.tsx,34,1,255
TypeScript,src/components/golf/calendar/QuickAddEventFAB.tsx,21,14,255
TypeScript,src/components/golf/coachhelm/round-review/V2ReviewSummary.tsx,20,41,255
TypeScript,src/app/api/webhooks/resend/route.ts,25,66,254
TypeScript,src/app/lifting/(dashboard)/dashboard/athletes/[athleteId]/page.tsx,29,20,254
TypeScript,src/components/golf/dashboard/todays-mission-card.tsx,19,17,254
TypeScript,src/test/coachhelm/v3/generator-base-receipt-diagnosis.test.ts,35,32,254
TypeScript,src/test/fairway/settings-coaching-intelligence.test.tsx,29,18,254
SQL,supabase/migrations_archive/pre_20260527/20260422100001_drill_library_seed.sql,65,29,254
TypeScript,src/app/golf/actions/drills.ts,29,77,253
TypeScript,src/app/golf/admin/crm/components/DuplicateReview.tsx,20,13,253
TypeScript,src/components/baseball/recruiting-philosophy/MinimumStandards.tsx,18,1,253
TypeScript,src/components/golf/coachhelm/PromoteToFocusAreaButton.tsx,22,19,253
TypeScript,src/test/api/cron/standing-refresh.test.ts,31,30,253
TypeScript,src/app/golf/(auth)/login/page.tsx,17,17,252
TypeScript,src/app/golf/actions/player-notifications.ts,47,69,252
TypeScript,src/components/fairway/charts/StandingStrip.tsx,22,48,252
TypeScript,src/components/golf/calendar/editorial/EventDetailDrawer.tsx,19,20,252
TypeScript,src/components/golf/recruiting/RecruitingPageClient.tsx,17,10,252
TypeScript,src/test/coachhelm/v3/generator-base-run-lifecycle.test.ts,43,56,252
JavaScript,scripts/seed-baseball-roster.mjs,35,11,251
TypeScript,src/app/golf/admin/crm/components/resend/KPIGrid.tsx,17,3,251
TypeScript,src/test/lib/calendar/availability.test.ts,33,30,251
JavaScript,scripts/__tests__/icon-only-button-aria-label.test.mjs,26,70,250
TypeScript,src/app/golf/(dashboard)/dashboard/players/[playerId]/game/print/page.tsx,17,23,250
TypeScript,src/app/lifting/(auth)/signup/page.tsx,18,1,250
TypeScript,src/lib/baseball/read-models/lift-builder.ts,48,107,250
TypeScript,src/app/baseball/actions/passport-settings.ts,50,100,249
TypeScript,src/app/golf/(dashboard)/dashboard/whats-new/page.tsx,25,19,249
TypeScript,src/app/golf/actions/admin-bi-data.ts,33,43,249
TypeScript,src/app/golf/admin/crm/components/replies/InboxView.tsx,15,6,249
TypeScript,src/app/baseball/actions/recruiting-philosophy.ts,64,69,248
TypeScript,src/components/golf/coachhelm/insights/InsightBulkActions.tsx,21,6,248
TypeScript,src/lib/coachhelm/v2/features/sequence.ts,46,48,248
TypeScript,src/lib/golf/sg-benchmarks.ts,36,120,248
SQL,supabase/migrations/20260624000090_baseball_settings_os.sql,49,131,248
TypeScript,src/app/golf/(dashboard)/dashboard/rounds/page.tsx,26,18,247
TypeScript,src/app/golf/actions/recruit-documents.ts,41,45,247
TypeScript,src/components/golf/coachhelm/v3/Chat/ChatMessageList.tsx,13,27,247
TypeScript,src/components/golf/courses/CourseFormDrawer.tsx,23,14,247
TypeScript,src/lib/coachhelm/v2/analytics/prediction-performance-writer.ts,33,44,247
TypeScript,src/app/golf/actions/__tests__/insight-delivery-meta-and-feedback.test.ts,36,41,246
TypeScript,src/components/ui/pagination.tsx,25,9,246
TypeScript,src/hooks/golf/use-connection-status.ts,55,84,246
SQL,supabase/migrations/20260610040000_stats_population_updown_and_trigger_columns.sql,26,38,246
TypeScript,src/hooks/golf/use-service-worker.ts,67,75,245
TypeScript,src/lib/baseball/read-models/postgame.ts,25,56,245
TypeScript,src/lib/coachhelm/v3/generators/putt-bias.ts,23,48,245
TypeScript,src/components/baseball/program/ProgramRoster.tsx,27,19,244
TypeScript,src/components/fairway/charts/RadialGauge.tsx,23,50,244
TypeScript,src/components/golf/coachhelm/v3/GoalCreationModal/index.tsx,17,35,244
TypeScript,src/lib/baseball/adapters/tracking-adapters.ts,26,51,244
TypeScript,src/components/fairway/overlays/ModalShell.tsx,26,62,243
TypeScript,src/components/golf/calendar/CreateFeedSection.tsx,19,23,243
TypeScript,src/hooks/golf/__tests__/use-calendar-range-events.test.tsx,28,18,243
TypeScript,src/hooks/golf/use-calendar-range-events.ts,33,64,243
TypeScript,src/app/baseball/actions/practice-intelligence.ts,30,69,242
TypeScript,src/app/golf/admin/crm/components/sequences/SequencesList.tsx,19,10,242
TypeScript,src/components/lifting/athletes/AthleteRosterClient.tsx,18,15,242
TypeScript,src/lib/offline/db-consolidation.test.ts,35,45,242
TypeScript,src/test/coachhelm/v3/ingest/arccos.test.ts,48,34,242
TypeScript,src/components/baseball/roster/PlayerCard.tsx,21,8,241
TypeScript,src/components/coach/discover/PlayerCardGrid.tsx,18,16,241
TypeScript,src/components/lifting/nutrition/NutritionPlanCard.tsx,23,27,241
TypeScript,src/lib/storage/attachments.ts,35,59,241
TypeScript,src/components/baseball/recruiting-philosophy/PositionPriorityRanker.tsx,21,1,240
TypeScript,src/test/fixtures/fake-supabase.ts,13,28,240
TypeScript,src/app/golf/(dashboard)/GolfDashboardShell.tsx,26,36,239
TypeScript,src/components/baseball/announcements/AnnouncementsCoachView.tsx,21,0,239
TypeScript,src/components/baseball/recruiting-philosophy/RecruitingWeightDistributor.tsx,24,4,239
TypeScript,src/components/baseball/signals/ConvertToActionDialog.tsx,22,15,239
TypeScript,src/components/golf/tasks/CreateTaskModal.tsx,27,6,239
TypeScript,src/lib/coachhelm/v3/effectiveness/event-ledger.ts,30,112,239
TypeScript,src/components/baseball/performance/lift-canvas/SessionBlock.tsx,23,25,238
TypeScript,src/components/baseball/showcase/OrgDashboard.tsx,23,0,238
TypeScript,src/components/coach/lineup/LineupBuilder.tsx,21,5,238
TypeScript,src/lib/lifting/overuse-rules.ts,41,120,238
TypeScript,src/app/help/page.tsx,11,0,237
TypeScript,src/components/baseball/recruiting-philosophy/MatchScoreBadge.tsx,18,12,237
TypeScript,src/components/golf/calendar/__tests__/event-form-helpers.test.ts,38,18,237
TypeScript,src/components/layout/header.tsx,22,3,237
SQL,supabase/migrations_archive/v1_original/043_fix_rls_policies.sql,39,24,237
SQL,supabase/migrations_archive/v1_original/045_comprehensive_auth_fix.sql,33,45,237
TypeScript,src/components/coach/CreateCampModal.tsx,24,4,236
TypeScript,src/components/lifting/weight/WeightEntryModal.tsx,24,32,236
TypeScript,src/lib/admin/incident-grouping.ts,28,43,236
SQL,supabase/migrations_archive/v1_original/20260104000004_comprehensive_team_based_rls.sql,50,60,236
TypeScript,src/app/baseball/(dashboard)/dashboard/players/[id]/profile/page.tsx,23,16,235
TypeScript,src/components/baseball/dashboard/CollegeInterestSummary.tsx,13,3,235
TypeScript,src/components/fairway/calendar/calendar-surface.tsx,14,63,235
SQL,supabase/tests/rls/coachhelm_v3_contracts.sql,33,37,235
TypeScript,src/components/baseball/ui/PlayerTile.tsx,31,29,234
TypeScript,src/components/fairway/pages/rounds-new/FairwayHoleConfig.tsx,24,42,234
TypeScript,src/app/baseball/(dashboard)/dashboard/my-stats/MyStatsClient.tsx,23,6,233
TypeScript,src/app/golf/admin/components/overview/OverviewBriefing.tsx,21,7,233
TypeScript,src/components/baseball/settings/TeamSettingsClient.tsx,17,14,233
SQL,supabase/migrations/20260624000221_baseball_video_links_and_class_conflicts.sql,31,136,233
TypeScript,src/app/api/coachhelm/v3/chat/send/route.ts,27,65,232
TypeScript,src/app/golf/join/[code]/golf-join-team-client.tsx,19,7,232
TypeScript,src/components/HelmSplashAnimation.tsx,22,9,232
TypeScript,src/components/baseball/stats/UploadHistory.tsx,18,14,232
TypeScript,src/lib/coachhelm/v2/trends/multi-window.ts,45,49,232
TypeScript,src/app/baseball/(dashboard)/dashboard/analytics/page.tsx,12,2,231
TypeScript,src/lib/coachhelm/v2/learning/behavior-learner.ts,31,64,231
TypeScript,src/app/golf/admin/crm/components/CrmCommandPalette.tsx,18,25,230
TypeScript,src/components/coach/PlayerDetailModal.tsx,19,0,230
TypeScript,src/components/golf/documents/ImagePreview.tsx,23,0,230
TypeScript,src/components/golf/tasks/CreateFromTemplateModal.tsx,17,0,230
TypeScript,src/test/coachhelm/v3/PressureGapGenerator.test.ts,26,29,230
SQL,supabase/tests/rls/baseball_passport_and_daily_contract.sql,29,50,230
TypeScript,src/app/golf/admin/crm/components/segments/SavedSegmentsRail.tsx,21,9,229
TypeScript,src/components/golf/HoleConfigurationForm.tsx,21,4,229
TypeScript,src/components/golf/coachhelm/v3/Genome/GenomeRadar.tsx,14,42,229
TypeScript,src/lib/baseball/read-models/performance-command.ts,24,29,229
TypeScript,src/lib/coachhelm/v2/gate.ts,31,58,229
TypeScript,src/app/lifting/actions/groups.ts,52,49,228
SQL,supabase/migrations/20260624000061_baseball_lifting_performance.sql,37,102,228
TypeScript,src/app/golf/admin/components/GrowthCard.tsx,17,1,227
TypeScript,src/app/lifting/(onboarding)/coach/page.tsx,19,4,227
TypeScript,src/components/baseball/travel/ExpenseForm.tsx,20,0,227
TypeScript,src/components/coach/discover/PlayerHoverPreview.tsx,20,8,227
TypeScript,src/components/lifting/soreness/SorenessCheckCard.tsx,24,31,227
TypeScript,src/lib/lifting/soreness-regions.ts,29,61,227
TypeScript,src/components/fairway/pages/coachhelm/CoachHelmSubNav.tsx,23,104,225
TypeScript,src/components/golf/roster/InvitePlayerButton.tsx,22,4,225
TypeScript,src/test/coachhelm/v3/PuttDistanceGenerator.test.ts,25,41,225
TypeScript,src/test/golf/components/EvidencePanel.test.tsx,34,42,225
TypeScript,src/app/golf/(dashboard)/dashboard/my-development/LogProgressButton.tsx,18,17,224
TypeScript,src/components/baseball/player-stats/SessionHistory.tsx,26,5,224
TypeScript,src/components/golf/calendar/__tests__/EventDetailModal.test.tsx,48,22,224
TypeScript,src/app/golf/admin/components/PlayerDropoffFunnel.tsx,16,0,223
TypeScript,src/app/golf/admin/crm/components/pipeline/WinLossDialog.tsx,18,9,223
TypeScript,src/components/golf/UnfinishedRoundModal.tsx,16,12,223
TypeScript,src/components/golf/announcements/NewAnnouncementsModal.tsx,18,16,223
TypeScript,src/components/golf/coachhelm/analytics/TrendIndicator.tsx,18,8,223
TypeScript,src/components/golf/coachhelm/insights/InsightExportModal.tsx,18,11,223
TypeScript,src/components/golf/stats/sections/ApproachStats.tsx,12,0,223
TypeScript,src/lib/coachhelm/v2/shot-analysis/shot-level-sg.ts,41,90,223
TypeScript,src/components/baseball/coach-daily-contract/CoachPlayerDailyContractPanel.tsx,16,14,222
TypeScript,src/components/fairway/charts/ChartFrame.tsx,16,40,222
TypeScript,src/lib/baseball/__tests__/import-formats.test.ts,24,39,222
TypeScript,src/test/coachhelm/v3/llm.test.ts,26,37,222
SQL,supabase/migrations_archive/pre_20260527/053_golf_stats_cache_enhancements.sql,49,51,222
TypeScript,scripts/recompute-round-totals.ts,31,31,221
TypeScript,src/app/api/admin/log-event/route.ts,46,66,221
TypeScript,src/app/baseball/actions/development-metrics.ts,35,71,221
TypeScript,src/components/fairway/overlays/Sheet.tsx,24,63,221
TypeScript,src/test/coachhelm/v2/mining/approach-analytics.test.ts,34,45,221
TypeScript,src/components/baseball/roster/RosterToolbar.tsx,13,3,220
TypeScript,src/components/golf/coachhelm/player/TrendDashboard.tsx,20,4,220
TypeScript,src/components/golf/documents/VersionHistory.tsx,20,5,220
TypeScript,src/app/golf/(dashboard)/dashboard/hub/page.tsx,27,60,219
TypeScript,src/app/golf/(dashboard)/dashboard/qualifiers/page.tsx,22,10,219
TypeScript,src/components/fairway/pages/calendar/__tests__/FairwayEventEditor.test.tsx,43,17,219
TypeScript,src/components/golf/courses/TeePickerDrawer.tsx,15,9,219
TypeScript,src/app/api/calendar/feeds/[token]/route.ts,54,46,218
TypeScript,src/components/fairway/charts/ShotDispersion.tsx,26,28,218
SQL,supabase/migrations_archive/pre_20260527/054_round_review_system_v3.sql,54,63,218
SQL,supabase/migrations_archive/v1_original/007_create_teams_system.sql,32,48,218
TypeScript,src/app/golf/actions/message-attachments.ts,36,38,217
TypeScript,src/hooks/useAdminPresence.ts,31,59,217
TypeScript,src/lib/baseball/__tests__/program-type-nav-variants.test.ts,26,84,217
TypeScript,src/app/golf/(dashboard)/dashboard/components/TrendChart.tsx,25,16,216
TypeScript,src/app/golf/actions/stats-data-types.ts,26,28,216
TypeScript,src/components/fairway/charts/PuttingHeatmap.tsx,29,33,216
TypeScript,src/components/golf/coachhelm/coach/TeamShotOverview.tsx,17,0,216
TypeScript,src/components/golf/coachhelm/patterns/PatternByPlayerView.tsx,18,11,216
TypeScript,src/components/golf/tasks/TaskCard.tsx,18,7,216
TypeScript,src/hooks/use-messages.ts,29,19,216
SQL,supabase/tests/rls/baseball_signals_and_actions.sql,17,62,216
TypeScript,scripts/backfill-resend-emails.ts,37,53,215
TypeScript,src/app/golf/actions/courses.ts,43,53,215
TypeScript,src/lib/coachhelm/v3/motion.ts,44,142,215
TypeScript,src/lib/utils/__tests__/golf-stats-calculator-shots.audit-fixes.test.ts,25,47,215
TypeScript,src/app/baseball/(auth)/signup/page.tsx,15,4,214
TypeScript,src/components/player/profile/PlayerCard.tsx,15,1,214
SQL,supabase/migrations/20260624000092_baseball_signals_and_actions.sql,17,132,214
TypeScript,src/app/golf/actions/communication.ts,39,54,213
TypeScript,src/components/golf/coachhelm/v3/HoleShotPath/HoleShotPath.test.ts,29,28,213
TypeScript,src/lib/coachhelm/v3/notifications/dispatch.ts,29,68,213
TypeScript,src/lib/server-error-logger.ts,27,27,213
TypeScript,src/app/golf/(dashboard)/dashboard/team-hub/page.tsx,26,15,212
TypeScript,src/app/golf/admin/components/AdminOnlineIndicator.tsx,22,15,212
TypeScript,src/app/golf/admin/components/TeamRosterCard.tsx,13,0,212
TypeScript,src/components/baseball/player-today/PlayerTodayTeamless.tsx,20,34,212
TypeScript,src/components/golf/TeamSwitcher.tsx,16,50,212
TypeScript,src/components/golf/coachhelm/player/PerformancePrediction.tsx,21,2,212
TypeScript,src/components/golf/coachhelm/v3/StandingBar/Card.tsx,23,31,212
TypeScript,src/components/layout/team-switcher.tsx,11,4,212
TypeScript,src/lib/coachhelm/v2/reasoning/confidence-calibrator.ts,31,49,212
TypeScript,src/lib/utils/shot-helpers.ts,30,63,212
TypeScript,src/app/golf/(dashboard)/dashboard/coachhelm/genome/[playerId]/page.tsx,18,29,211
TypeScript,src/app/golf/(dashboard)/dashboard/team/page.tsx,27,21,211
TypeScript,src/app/golf/admin/crm/components/tasks/TaskCard.tsx,19,7,211
TypeScript,src/hooks/golf/use-qualifier-realtime.ts,29,39,211
TypeScript,src/lib/baseball/read-models/lift-programs.ts,30,41,211
TypeScript,src/app/baseball/(dashboard)/dashboard/tasks/page.tsx,23,6,210
TypeScript,src/components/fairway/pages/rounds-tracking/FairwayHoleHero.tsx,25,39,210
TypeScript,src/components/recruiting/us-state-paths.ts,2,2,210
TypeScript,src/lib/coachhelm/baseball/generators/composites.ts,34,58,210
SQL,supabase/migrations_archive/pre_20260527/20260310100000_save_partial_round_atomic_v2.sql,20,12,210
TypeScript,src/app/lifting/(auth)/forgot-password/page.tsx,16,0,209
TypeScript,src/lib/admin-logger-client.ts,42,70,209
TypeScript,src/lib/coachhelm/baseball/metrics/registry.ts,56,347,209
SQL,supabase/migrations/20260624000020_baseball_import_lineage.sql,31,96,209
TypeScript,src/app/baseball/(auth)/complete-signup/CompleteSignupClient.tsx,20,4,208
TypeScript,src/app/golf/admin/crm/components/segments/SaveSegmentDialog.tsx,16,7,208
TypeScript,src/components/fairway/calendar/date-picker.tsx,24,84,208
TypeScript,src/components/fairway/charts/GenomeFingerprint.tsx,18,61,208
TypeScript,src/components/golf/documents/UploadNewVersionModal.tsx,20,34,208
TypeScript,src/hooks/golf/use-edit-shot-modal.ts,29,11,208
TypeScript,src/hooks/useAdminAlerts.ts,31,44,208
TypeScript,src/lib/baseball/read-models/coach-notes.ts,25,79,208
TypeScript,src/components/baseball/command-center/RiskFeedStrip.tsx,18,40,207
TypeScript,src/components/golf/coachhelm/v2/CoachHelmToggle.tsx,15,2,207
TypeScript,src/components/golf/dashboard/__tests__/stat-card-sparkline.test.tsx,30,37,207
TypeScript,src/lib/baseball/__tests__/import-registry-policy.test.ts,28,30,207
TypeScript,src/test/coachhelm/v3/ranking.test.ts,24,34,207
TypeScript,src/test/lib/error-logging.test.ts,45,43,207
SQL,supabase/migrations/20260528000000_baseball_recalc_body_guards.sql,12,20,207
TypeScript,src/app/baseball/actions/camps.ts,53,37,206
TypeScript,src/app/golf/admin/components/AlertBanner.tsx,30,17,206
TypeScript,src/components/baseball/player-profile/PlayerInsightsPanel.tsx,15,0,206
TypeScript,src/components/fairway/instrument/Readout.tsx,16,68,206
TypeScript,src/components/golf/calendar/RSVPProgressRing.tsx,15,18,206
SQL,supabase/migrations_archive/pre_20260527/20260214200000_create_crm_coaches.sql,38,45,206
SQL,supabase/migrations_archive/pre_20260527/20260214220000_create_admin_events.sql,34,44,206
TypeScript,src/app/baseball/join/[code]/page.tsx,18,10,205
TypeScript,src/app/golf/(dashboard)/dashboard/my-qualifiers/my-qualifiers-client.tsx,16,9,205
TypeScript,src/app/golf/(dashboard)/dashboard/players/[playerId]/loading.tsx,14,13,205
TypeScript,src/components/fairway/pages/messages/MessageComposer.tsx,24,39,205
TypeScript,src/lib/recruiting/match-calculator.ts,42,83,205
TypeScript,src/components/golf/PullToRefresh.tsx,22,17,204
TypeScript,src/components/golf/coachhelm/player/CompositeRatingCard.tsx,18,15,204
TypeScript,src/components/golf/coachhelm/v3/Chat/ChatDrawer.tsx,13,19,204
TypeScript,src/lib/coachhelm/baseball/generators/class-ops.ts,32,84,204
TypeScript,src/test/api/cron/coachhelm-insight-lifecycle-archive-anchor.test.ts,24,13,204
TypeScript,src/app/baseball/(dashboard)/dashboard/calendar/page.tsx,23,9,203
TypeScript,src/app/golf/admin/crm/components/coach/CoachInfoBlock.tsx,16,8,203
TypeScript,src/components/baseball/announcements/AnnouncementsPlayerView.tsx,19,1,203
TypeScript,src/components/fairway/pages/coachhelm/AskConversationRail.tsx,15,55,203
TypeScript,src/components/products/BaseballHelmSection.tsx,12,4,203
TypeScript,src/lib/baseball/read-models/decision-room/staff-settings.ts,20,58,203
TypeScript,src/lib/supabase/middleware.ts,27,66,203
SQL,supabase/migrations_archive/pre_20260527/043_critical_fixes.sql,18,15,203
SQL,supabase/tests/rls/baseball_postgame_reviews.sql,16,40,203
TypeScript,src/app/golf/(auth)/welcome/page.tsx,26,19,202
TypeScript,src/components/fairway/pages/calendar/__tests__/FairwayEventDetailDrawer.test.tsx,19,26,202
TypeScript,src/components/fairway/pages/roster/FairwayPlayerProfile.tsx,22,38,202
TypeScript,src/lib/types/baseball-practice-effectiveness.ts,22,68,202
TypeScript,src/test/golf/actions/intelligence-dashboard.test.ts,15,21,202
SQL,supabase/tests/rls/baseball_practice_visibility.sql,18,46,202
TypeScript,src/app/golf/admin/crm/components/notes/AddNoteDialog.tsx,16,4,201
TypeScript,src/components/baseball/dashboard/TeamDevProgress.tsx,11,5,201
TypeScript,src/components/golf/calendar/MobileEventCard.tsx,22,12,201
TypeScript,src/lib/coachhelm/baseball/loaders-v10.ts,25,89,201
TypeScript,src/lib/types/baseball-lifting.ts,25,55,201
SQL,supabase/migrations_archive/v1_original/012_create_enhanced_analytics.sql,27,32,201
TypeScript,src/components/baseball/travel/CreateItineraryModal.tsx,19,0,200
TypeScript,src/components/fairway/pages/calendar/FairwayMonthGrid.tsx,19,27,200
TypeScript,src/components/golf/calendar/CalendarFeedManager.tsx,16,17,200
TypeScript,src/hooks/use-journey.ts,30,12,200
TypeScript,src/lib/notifications/push.ts,17,37,200
SQL,supabase/migrations_archive/pre_20260527/20260421000003_dashboard_rpcs.sql,10,33,200
TypeScript,src/app/golf/admin/crm/components/tasks/TasksDueWidget.tsx,19,10,199
TypeScript,src/components/baseball/player-stats/GameVsPracticeChart.tsx,16,9,199
TypeScript,src/components/fairway/pages/calendar/FairwayAgendaView.tsx,17,33,199
TypeScript,src/lib/baseball/practice-validation.ts,25,45,199
TypeScript,src/lib/coachhelm/v3/generators/approach-miss.ts,27,79,199
TypeScript,src/lib/golf/recurrence.ts,34,126,199
SQL,supabase/migrations_archive/pre_20260527/20260306000002_submit_round_atomic.sql,18,20,199
TypeScript,src/app/golf/admin/components/GrowthTab.tsx,14,2,198
TypeScript,src/components/fairway/pages/player-game/FairwayMyGameProfile.tsx,19,54,198
TypeScript,src/components/fairway/pages/rounds-new/FairwayRoundSummarySheet.tsx,13,22,198
TypeScript,src/components/golf/coachhelm/v3/QualifyingBoard/CoachPickPanel.tsx,15,0,198
TypeScript,src/test/api/calendar/feed-window.test.ts,26,18,198
SQL,supabase/migrations_archive/v1_original/014_update_coaches_table.sql,33,41,198
TypeScript,src/app/golf/admin/components/CoachHelmHealthCard.tsx,13,0,197
TypeScript,src/components/baseball/dashboard-shell.tsx,22,32,197
TypeScript,src/components/fairway/cards-insight/themes/CauseRow.tsx,21,76,197
TypeScript,src/components/golf/coachhelm/player/FairwayTrendBrain.tsx,21,35,197
TypeScript,src/components/lifting/players/PlayerLiftHomeClient.tsx,15,22,197
TypeScript,src/lib/types/baseball-settings.ts,33,65,197
SQL,supabase/migrations_archive/v1_original/048_rls_security_fix.sql,40,46,197
TypeScript,src/components/baseball/import-center/ImportDiffViewer.tsx,16,15,196
TypeScript,src/components/golf/coachhelm/v3/HoleShotPath/geometry.ts,35,95,196
TypeScript,src/components/golf/stats/exportPdf.ts,15,2,196
TypeScript,src/lib/baseball/read-models/timeline.ts,33,94,196
TypeScript,src/components/baseball/games/GamesList.tsx,17,0,195
TypeScript,src/components/fairway/forms/FormField.tsx,12,57,195
TypeScript,src/components/golf/calendar/editorial/AgendaView.tsx,16,32,195
TypeScript,src/lib/calendar/event-styles.ts,19,43,195
TypeScript,src/lib/coachhelm/v2/feedback/coach-behavior.ts,31,54,195
TypeScript,src/test/fairway/settings-team-panels.test.tsx,35,31,195
SQL,supabase/migrations_archive/pre_20260527/041_shared_tables.sql,42,48,195
TypeScript,src/app/golf/admin/components/SessionHeatmap.tsx,10,1,194
TypeScript,src/app/golf/admin/crm/components/coach/CoachPageHeader.tsx,6,18,194
TypeScript,src/app/lifting/actions/player-sessions.ts,40,31,194
TypeScript,src/components/golf/calendar/MobileRSVPButtons.tsx,20,14,194
TypeScript,src/components/golf/coachhelm/insight-card/WhyPopover.tsx,20,22,194
TypeScript,src/components/golf/rounds/new/RecentCoursesQuickPick.tsx,18,28,194
TypeScript,src/lib/baseball/__tests__/signal-from-insight.test.ts,19,19,194
SQL,supabase/migrations/20260607170000_gender_aware_strokes_gained.sql,7,22,194
SQL,supabase/migrations_archive/pre_20260527/20260510120000_admin_rollup_coach_staff_lastseen.sql,8,58,194
TypeScript,src/app/golf/(dashboard)/dashboard/calendar/page.tsx,23,51,193
TypeScript,src/app/lifting/join/[token]/page.tsx,24,27,193
TypeScript,src/components/fairway/surfaces/surface.tsx,26,91,193
TypeScript,src/components/golf/coachhelm/v3/HoleShotPath/turf.tsx,19,24,193
TypeScript,src/components/messages/NewMessageModal.tsx,23,5,193
TypeScript,src/components/products/golf-mockups/LiveRoundMockup.tsx,12,0,193
SQL,supabase/migrations_archive/v1_original/008_create_player_features.sql,51,43,193
TypeScript,src/components/baseball/signals/CommandSignalStack.tsx,11,25,192
TypeScript,src/components/fairway/charts/StrokesGainedTornado.tsx,16,20,192
TypeScript,src/lib/coachhelm/v3/generators/pressure-gap.ts,16,77,192
TypeScript,src/lib/coachhelm/v3/generators/putt-distance.ts,26,56,192
TypeScript,src/app/golf/admin/components/HealthRing.tsx,24,12,191
TypeScript,src/components/fairway/pages/tasks/FairwayCreateFromTemplateModal.tsx,16,12,191
TypeScript,src/components/fairway/pages/whats-new/__tests__/FairwayWhatsNew.test.tsx,21,27,191
TypeScript,src/components/golf/coachhelm/player/WhatIfPanel.tsx,14,4,191
TypeScript,src/hooks/coachhelm/useCoachPhilosophy.ts,23,9,191
TypeScript,src/lib/golf/__tests__/recurrence.test.ts,29,25,191
SQL,supabase/migrations/20260624001000_baseball_official_stat_breadth.sql,11,69,191
TypeScript,src/app/golf/(dashboard)/dashboard/qualifiers/[id]/QualifierRoundBreakdown.tsx,14,2,190
TypeScript,src/components/fairway/charts/Dial.tsx,22,31,190
TypeScript,src/lib/baseball/read-models/decision-room/readiness.ts,37,62,190
TypeScript,src/lib/coachhelm/v2/stats/anomaly-detector.ts,40,58,190
TypeScript,src/app/golf/(dashboard)/dashboard/coachhelm/page.tsx,15,43,189
TypeScript,src/app/golf/actions/crm-insights.ts,32,55,189
TypeScript,src/components/coach/InviteModal.tsx,19,3,189
TypeScript,src/lib/calendar/ical.ts,42,69,189
TypeScript,src/test/lib/email/coach-digest-template.test.ts,16,2,189
SQL,supabase/migrations_archive/v1_original/036_messaging_matrix.sql,39,65,189
SQL,supabase/migrations_archive/v1_original/20260108000001_rls_audit_fixes.sql,50,62,189
TypeScript,src/app/baseball/(dashboard)/dashboard/stats/games/new/NewGameClient.tsx,17,0,188
TypeScript,src/components/baseball/dashboard/PlayersNeedingAttention.tsx,13,6,188
TypeScript,src/components/fairway/charts/SegmentBar.tsx,15,37,188
TypeScript,src/components/lifting/soreness/SorenessRegionBottomSheet.tsx,22,17,188
TypeScript,src/lib/baseball/adapters/official-xml-adapters.ts,16,45,188
TypeScript,src/lib/coachhelm/v3/ranking/score.test.ts,24,23,188
TypeScript,src/components/fairway/controls/button.tsx,21,55,187
TypeScript,src/components/golf/stats/sections/ScoringStats.tsx,11,3,187
TypeScript,src/hooks/coachhelm/useCoachHelmSettings.ts,27,16,187
TypeScript,src/lib/baseball/capabilities.ts,37,149,187
TypeScript,src/app/golf/actions/round-recap.ts,32,64,186
TypeScript,src/app/golf/actions/v3/notification-prefs.ts,21,10,186
TypeScript,src/components/fairway/pages/coachhelm/areaTypes.ts,25,98,186
TypeScript,src/components/fairway/pages/rounds/FairwayRoundCard.tsx,18,31,186
TypeScript,src/components/golf/coachhelm/v3/PuttHeatmap/PuttHeatmap.test.ts,17,10,186
TypeScript,src/components/ui/avatar.tsx,14,5,186
TypeScript,src/hooks/use-analytics.ts,26,9,186
TypeScript,src/lib/baseball/lifting/strength-group-rules.ts,26,65,186
TypeScript,src/lib/email/lifting-invite-template.ts,25,30,186
SQL,supabase/migrations_archive/pre_20260527/036_rename_baseball_tables.sql,51,69,186
TypeScript,src/app/golf/admin/components/StatCardV2.tsx,19,12,185
TypeScript,src/components/baseball/command-center/analytics/TeamBattingOverview.tsx,22,2,185
TypeScript,src/components/baseball/stat-visuals/chart-geometry.ts,28,83,185
TypeScript,src/components/baseball/travel/ExpenseList.tsx,20,0,185
TypeScript,src/components/golf/calendar/RSVPLockIndicator.tsx,23,28,185
TypeScript,src/components/golf/coachhelm/insight-card/DrillSheet.tsx,15,25,184
TypeScript,src/components/golf/coachhelm/v3/IntentDrawer/index.tsx,13,13,184
TypeScript,src/lib/baseball/lifting/readiness-compute.ts,16,44,184
SQL,supabase/migrations_archive/pre_20260527/033_all_indexes.sql,72,90,184
JavaScript,scripts/__tests__/badge-consolidation.test.mjs,19,57,183
JavaScript,scripts/setup-coach-sequence.mjs,20,62,183
TypeScript,src/app/golf/actions/__tests__/round-review-system.test.ts,36,42,183
TypeScript,src/components/fairway/pages/coachhelm/areaTypes.catalog.test.ts,17,6,183
TypeScript,src/components/golf/classes/ClassDetailModal.tsx,16,1,183
TypeScript,src/components/ui/button.tsx,25,16,183
TypeScript,src/lib/coachhelm/focus-areas/catalog.ts,18,98,183
TypeScript,src/lib/coachhelm/v2/features/contextual.ts,42,58,183
TypeScript,src/lib/coachhelm/v3/themes/trend.test.ts,22,30,183
SQL,supabase/migrations/20260607200000_per_team_sg_baseline.sql,11,19,183
SQL,supabase/migrations_archive/pre_20260527/064_putt_approach_details.sql,24,14,183
JavaScript,scripts/__tests__/cmd-k-coverage.test.mjs,25,69,182
TypeScript,src/app/golf/actions/command-palette.ts,22,36,182
TypeScript,src/components/golf/coachhelm/coach/TeamCompositeCard.tsx,16,5,182
TypeScript,src/components/golf/coachhelm/insights/InsightsFeed.tsx,13,15,182
TypeScript,src/components/lifting/soreness/TeamSorenessHeatmap.tsx,32,29,182
SQL,supabase/migrations_archive/v1_original/072_fix_golf_rounds_rls.sql,30,44,182
SQL,supabase/tests/rls/baseball_stat_event_model.sql,14,56,182
TypeScript,src/components/baseball/announcements/CreateAnnouncementFlow.tsx,19,2,181
TypeScript,src/components/baseball/documents/UploadNewVersionModal.tsx,22,35,181
TypeScript,src/lib/baseball/with-baseball-action.ts,23,155,181
TypeScript,src/test/coachhelm/v2/mining/tee-strategy.test.ts,35,12,181
TypeScript,src/test/golf/components/HubInsightSignalCard.test.tsx,21,38,181
TypeScript,src/app/baseball/actions/lineups.ts,51,31,180
TypeScript,src/app/golf/actions/event-documents.ts,23,30,180
TypeScript,src/components/golf/SaveRoundModal.tsx,16,9,180
TypeScript,src/components/messages/ChatWindow.tsx,17,5,180
TypeScript,src/lib/auth/rate-limit.ts,27,39,180
TypeScript,src/test/golf/components/RoundTakeaway.test.tsx,18,31,180
SQL,supabase/migrations/20260624000220_baseball_player_passport_and_daily_contract.sql,20,94,180
SQL,supabase/migrations_archive/v1_original/20251231000003_fix_auth_trigger_metadata.sql,26,32,180
SQL,supabase/migrations_archive/v1_original/20260104000002_fix_golf_messaging_rls.sql,24,39,180
TypeScript,src/components/baseball/dashboard/TeamActivityFeed.tsx,12,7,179
TypeScript,src/components/fairway/pages/roster/FairwayKeyMetricsGrid.tsx,25,57,179
TypeScript,src/lib/baseball/read-models/decision-room/focus-imports.ts,23,59,179
TypeScript,src/app/baseball/actions/player-actions.ts,29,91,178
TypeScript,src/components/fairway/command/search-field.tsx,15,57,178
TypeScript,src/components/fairway/forms/Combobox.tsx,16,29,178
TypeScript,src/components/fairway/pages/rounds/FairwayUnfinishedBanner.tsx,17,28,178
TypeScript,src/components/golf/messages/AttachmentPreview.tsx,15,3,178
JavaScript,scripts/baseballhelm-depth-fidelity.workflow.js,17,11,177
TypeScript,src/app/golf/admin/components/tracer/tracer-types.ts,36,31,177
TypeScript,src/components/fairway/overlays/PopoverPanel.tsx,18,46,177
TypeScript,src/lib/coachhelm/baseball/engine-v10.test.ts,24,20,177
TypeScript,src/lib/coachhelm/v2/trends/streak-detector.ts,38,53,177
TypeScript,src/lib/coachhelm/v3/generators/tee-strategy.ts,24,89,177
TypeScript,src/lib/golf/course-library.ts,21,79,177
SQL,supabase/migrations_archive/pre_20260527/20260421000000_email_clicks_and_coach_denorm.sql,30,61,177
TypeScript,scripts/ui-intelligence/generate-data-flow.ts,15,18,176
TypeScript,scripts/verify-stats-consistency.ts,20,35,176
TypeScript,src/app/baseball/(dashboard)/dashboard/performance/page.tsx,23,57,176
TypeScript,src/components/baseball/practice-planner/PracticeIntelligenceBoard.tsx,14,21,176
TypeScript,src/components/baseball/tasks/ReminderPicker.tsx,20,0,176
TypeScript,src/components/fairway/pages/rounds/FairwayRoundRow.tsx,16,25,176
TypeScript,src/components/golf/documents/PDFViewer.tsx,17,4,176
TypeScript,src/components/golf/player-hub/PlayerHubAnnouncementsSection.tsx,18,3,176
TypeScript,src/components/lifting/performance/PRTimeline.tsx,20,17,176
TypeScript,src/lib/auth/account-lockout.ts,32,49,176
TypeScript,src/lib/baseball/read-models/player-daily-contract.ts,28,94,176
TypeScript,src/app/golf/(dashboard)/dashboard/coachhelm/chat/ChatHistoryClient.tsx,8,1,175
TypeScript,src/app/golf/admin/components/HealthScoreBreakdownModal.tsx,14,4,175
TypeScript,src/app/products/page.tsx,13,0,175
TypeScript,src/components/providers/StaleDeploymentRecoveryScript.tsx,24,18,175
TypeScript,src/test/golf/components/Counterfactual.test.tsx,16,6,175
TypeScript,supabase/functions/personalize-email/index.ts,26,15,175
JavaScript,scripts/process-sequence-batch.mjs,20,53,174
TypeScript,src/app/baseball/(dashboard)/dashboard/messages/page.tsx,19,11,174
TypeScript,src/app/golf/admin/crm/components/sequences/EnrollSegmentDialog.tsx,14,6,174
TypeScript,src/components/golf/dashboard/__tests__/today-timeline.test.tsx,31,35,174
SQL,supabase/migrations_archive/pre_20260527/20260525190000_v3_refresh_player_standing_round_metrics.sql,6,44,174
TypeScript,src/app/golf/(dashboard)/dashboard/rounds/[id]/review/__tests__/page.test.tsx,33,29,173
TypeScript,src/app/golf/actions/__tests__/calendar-feeds.test.ts,31,21,173
TypeScript,src/app/lifting/actions/onboarding.ts,32,60,173
TypeScript,src/app/support/page.tsx,10,0,173
TypeScript,src/components/ui/breadcrumb.tsx,19,82,173
TypeScript,src/components/ui/filter-chips.tsx,16,3,173
TypeScript,src/components/ui/search-bar.tsx,13,4,173
TypeScript,src/lib/baseball/coachhelm/scheduled-evaluator.ts,18,71,173
TypeScript,src/lib/coachhelm/baseball/effectiveness/engine.test.ts,19,10,173
TypeScript,src/app/baseball/(dashboard)/dashboard/videos/[id]/page.tsx,18,3,172
TypeScript,src/app/golf/(dashboard)/dashboard/announcements/page.tsx,16,30,172
TypeScript,src/app/golf/admin/components/LiveEventCounter.tsx,20,19,172
TypeScript,src/components/auth/golf-sign-in-form.tsx,24,29,172
TypeScript,src/components/lifting/shell/LabShell.tsx,13,10,172
TypeScript,src/test/coachhelm/v3/chat-grounding-idempotency.test.ts,19,33,172
JavaScript,scripts/verify-ios-itinerary-create.mjs,28,65,171
TypeScript,src/app/golf/(dashboard)/dashboard/settings/notifications/NotificationPrefsClient.tsx,15,0,171
TypeScript,src/app/lifting/actions/imports.ts,32,32,171
TypeScript,src/components/fairway/app-shell/FairwayTopBar.tsx,12,50,171
TypeScript,src/components/golf/coachhelm/v3/HoleShotPath/hazards.tsx,10,19,171
TypeScript,src/lib/coachhelm/v2/shot-analysis/yardage-curves.ts,34,49,171
TypeScript,src/app/golf/admin/components/DetailModal.tsx,20,12,170
TypeScript,src/app/golf/admin/crm/components/PipelineStats.tsx,21,0,170
TypeScript,src/lib/coachhelm/v3/generators/scrambling.ts,21,53,170
SQL,supabase/migrations/20260625000030_helm_lifting_accept_invite_rpc.sql,25,55,170
SQL,supabase/migrations_archive/pre_20260527/20260304000003_fix_rls_shots_stats_unique.sql,34,61,170
SQL,supabase/migrations_archive/pre_20260527/20260429T1_crm_sequences.sql,24,44,170
SQL,supabase/migrations_archive/v1_original/069_availability_locking.sql,27,32,170
TypeScript,src/components/auth/baseball-sign-in-form.tsx,19,13,169
TypeScript,src/components/baseball/announcements/PlayerSelector.tsx,12,0,169
TypeScript,src/components/fairway/pages/roster/FairwayPlayerRoster.tsx,21,49,169
TypeScript,src/hooks/use-baseball-staff-auth.ts,30,75,169
TypeScript,src/lib/golf/__tests__/course-library.test.ts,16,3,169
TypeScript,src/test/coachhelm/v3/confirm-selection-chat.integration.test.ts,23,6,169
SQL,supabase/migrations/20260624000200_baseball_practice_deepening.sql,22,93,169
SQL,supabase/migrations_archive/pre_20260527/20260313000000_crm_enhancements.sql,16,26,169
SQL,supabase/migrations_archive/pre_20260527/20260506000000_admin_rollup_window_perf.sql,9,57,169
TypeScript,src/app/golf/admin/crm/crm-config.tsx,11,33,168
TypeScript,src/components/fairway/pages/rounds-new/FairwaySaveRoundModal.tsx,16,13,168
TypeScript,src/components/golf/coachhelm/round-review/RoundTakeaway.tsx,16,55,168
TypeScript,src/lib/coachhelm/v3/generators/par-type.ts,18,86,168
TypeScript,src/test/coachhelm/v3/composite-confidence-calibration.test.ts,16,26,168
TypeScript,src/test/coachhelm/v3/hole-diagnosis.test.ts,25,43,168
TypeScript,src/test/golf/actions/insight-management.test.ts,18,11,168
JavaScript,scripts/provision-demo-accounts.mjs,31,65,167
TypeScript,src/app/baseball/(public)/player/[id]/page.tsx,20,10,167
TypeScript,src/app/baseball/actions/player-peek.ts,17,11,167
TypeScript,src/app/golf/admin/components/HealthCheckGrid.tsx,14,0,167
TypeScript,src/components/baseball/command-center/analytics/PressureGapIndicator.tsx,23,16,167
TypeScript,src/lib/baseball/read-models/practice-effectiveness.ts,24,50,167
TypeScript,src/test/api/cron/coachhelm-calibration.test.ts,21,0,167
SQL,supabase/migrations_archive/pre_20260527/20260429T4_crm_insights_rpcs.sql,6,33,167
TypeScript,src/components/fairway/pages/hub/FairwayPlayerHub.test.tsx,26,30,166
TypeScript,src/components/golf/OfflineProvider.tsx,34,64,166
TypeScript,src/components/golf/calendar/GolfCalendarWrapper.tsx,16,8,166
TypeScript,src/lib/baseball/__tests__/coach-onboarding-staff-row.integration.test.ts,27,36,166
SQL,supabase/migrations_archive/pre_20260527/20260214230000_create_admin_rpc_functions.sql,9,34,166
TypeScript,src/app/baseball/actions/roster.ts,35,69,165
TypeScript,src/components/fairway/pages/coachhelm/PracticeRxPanel.tsx,19,63,165
TypeScript,src/components/golf/calendar/PremiumEventBlock.tsx,15,21,165
TypeScript,src/components/golf/coachhelm/insights/DiagnosisSheet.tsx,10,20,165
TypeScript,src/components/lifting/exercises/ExercisePicker.tsx,16,22,165
TypeScript,src/components/lifting/performance/PlayerNutritionPlans.tsx,19,22,165
TypeScript,src/lib/baseball/tasks/reminder-sweep.ts,17,97,165
TypeScript,src/test/api/cron/coachhelm-validation.test.ts,17,2,165
TypeScript,src/test/coachhelm/v2/mining/pattern-miner.test.ts,17,36,165
TypeScript,src/app/baseball/(dashboard)/dashboard/command-center/page.tsx,17,3,164
TypeScript,src/app/golf/admin/components/tracer/TracerSkeleton.tsx,12,6,164
TypeScript,src/components/baseball/import-center/ManualMapPanel.tsx,14,28,164
TypeScript,src/components/golf/coachhelm/insights/DiagnosisPanel.tsx,17,49,164
TypeScript,src/lib/auth/supabase-rate-limit.ts,24,28,164
TypeScript,src/lib/types/baseball-imports.ts,20,161,164
SQL,supabase/migrations/20260606150000_recalc_sg_sync_golf_rounds.sql,8,28,164
SQL,supabase/tests/rls/baseball_practice_scrimmage_visibility.sql,14,38,164
TypeScript,src/components/lifting/soreness/SorenessComplianceBoard.tsx,23,15,163
TypeScript,src/lib/types/helm-lifting-checkins.ts,58,109,163
TypeScript,src/test/golf/components/ResolutionCelebration.test.tsx,23,26,163
SQL,supabase/migrations_archive/v1_original/063a_premium_calendar_ui_schema.sql,31,46,163
TypeScript,scripts/seed-demo-team-from-guilford.ts,22,49,162
TypeScript,src/app/(legal)/privacy/page.tsx,12,0,162
TypeScript,src/app/golf/(dashboard)/dashboard/my-qualifiers/page.tsx,16,26,162
TypeScript,src/components/fairway/pages/roster/FairwayPlayerStatusBadge.tsx,22,67,162
TypeScript,src/components/golf/coachhelm/analytics/AnalyticsSummaryCards.tsx,10,6,162
TypeScript,src/components/golf/coachhelm/coach/TeamCategoryView.tsx,15,4,162
TypeScript,src/lib/baseball/exercise-conflict.ts,38,79,162
TypeScript,src/lib/baseball/read-models/player-lift.ts,33,65,162
TypeScript,src/test/coachhelm/v3/genome-dimensions.test.ts,27,32,162
SQL,supabase/migrations/20260613160000_course_library_phase1.sql,24,57,162
JavaScript,scripts/knowledge/lib/registry.mjs,21,0,161
TypeScript,src/app/baseball/actions/__tests__/imports-registry.test.ts,27,25,161
TypeScript,src/app/golf/actions/crm-automations.ts,29,30,161
TypeScript,src/app/golf/admin/components/AdminStatCard.tsx,14,4,161
TypeScript,src/lib/baseball/read-models/decision-room/agenda-ledger.ts,19,76,161
TypeScript,src/test/coachhelm/v3/notifications/dispatch.test.ts,23,18,161
SQL,supabase/tests/rls/baseball_timeline_visibility.sql,20,55,161
TypeScript,src/app/baseball/(dashboard)/dashboard/players/[id]/page.tsx,22,17,160
TypeScript,src/components/fairway/charts/Sparkline.tsx,15,44,160
TypeScript,src/components/fairway/pages/coachhelm/signals/SignalsToolbar.tsx,16,39,160
TypeScript,src/components/golf/coachhelm/coach/CategoryDrillDown.tsx,19,0,160
TypeScript,src/components/golf/dashboard/action-items-card.tsx,16,10,160
TypeScript,src/test/api/calendar/feed-token-security.test.ts,22,7,160
SQL,supabase/migrations_archive/pre_20260527/055_travel_expenses.sql,19,17,160
TypeScript,src/app/golf/admin/crm/components/insights/DeliverabilityCards.tsx,8,10,159
TypeScript,src/app/lifting/(dashboard)/dashboard/sessions/live/page.tsx,20,10,159
TypeScript,src/components/golf/courses/CourseCard.tsx,11,11,159
TypeScript,src/lib/coachhelm/v3/genome/orchestrator.ts,17,37,159
TypeScript,src/lib/coachhelm/v3/qualifying/service.ts,21,34,159
TypeScript,src/test/components/golf/coachhelm/v3/round-review-llm-card.test.tsx,11,20,159
SQL,supabase/migrations_archive/pre_20260527/20260409000000_crm_email_templates_v2.sql,24,20,159
SQL,supabase/migrations_archive/pre_20260527/20260424020309_admin_analytics_rollup_restore_gate.sql,3,8,159
TypeScript,src/app/baseball/staff/join/[code]/page.tsx,15,20,158
TypeScript,src/components/baseball/player-profile/snapshot-cards/SnapshotHeaderBand.tsx,10,11,158
TypeScript,src/components/fairway/feedback/OnboardingStep.tsx,16,47,158
TypeScript,src/components/golf/roster/PlayerStatusBadge.tsx,12,6,158
TypeScript,src/app/golf/(dashboard)/dashboard/my-game-profile/page.tsx,12,21,157
TypeScript,src/app/golf/(dashboard)/dashboard/page.tsx,20,33,157
SQL,supabase/tests/rls/baseball_practice_effectiveness_visibility.sql,13,54,157
TypeScript,src/components/fairway/charts/ChartCrosshair.tsx,19,73,156
TypeScript,src/lib/baseball/adapters/csv-tokenizer.ts,16,58,156
TypeScript,src/lib/baseball/timeline-writer.ts,25,117,156
TypeScript,src/lib/coachhelm/v2/insights/to-insight-input.ts,16,20,156
TypeScript,src/test/coachhelm/v3/travel-brief.test.ts,12,3,156
JavaScript,scripts/__tests__/sweep-clean-components.test.mjs,17,40,155
TypeScript,src/app/golf/admin/demo-sessions/page.tsx,15,4,155
TypeScript,src/components/fairway/forms/Select.tsx,14,31,155
TypeScript,src/components/fairway/pages/coachhelm/CausalWhyPanel.tsx,22,48,155
TypeScript,src/app/auth/callback/route.ts,33,25,154
TypeScript,src/app/golf/(dashboard)/dashboard/coachhelm/genome/compare/page.tsx,19,26,154
TypeScript,src/app/golf/(dashboard)/dashboard/rounds/[id]/loading.tsx,8,8,154
TypeScript,src/components/baseball/peek-panel/PeekPanel.tsx,16,6,154
TypeScript,src/components/fairway/pages/recruiting/FairwayRecruitingPage.test.tsx,28,45,154
TypeScript,src/components/golf/calendar/editorial/DayStrip.tsx,16,43,154
TypeScript,src/components/golf/scenes/CourseScene.tsx,4,15,154
TypeScript,src/components/ui/confirm-dialog.tsx,12,11,154
TypeScript,src/components/ui/dropdown-menu.tsx,11,7,154
TypeScript,src/lib/coachhelm/v2/shot-analysis/sequence-analysis.ts,37,62,154
TypeScript,src/lib/coachhelm/v3/chat/persistence.ts,12,21,154
TypeScript,src/test/coachhelm/v3/lpga-standards-selection.test.ts,23,30,154
SQL,supabase/tests/rls/baseball_video_classes.sql,17,42,154
TypeScript,src/app/golf/actions/admin-people-data.ts,22,16,153
TypeScript,src/components/baseball/performance/PlayerLiftHomeClient.tsx,12,7,153
TypeScript,src/components/fairway/controls/avatar.tsx,18,29,153
TypeScript,src/components/features/saved-comparisons-list.tsx,16,3,153
TypeScript,src/components/golf/dashboard/performance-radar.tsx,18,10,153
TypeScript,src/lib/baseball/read-models/video-classes.ts,30,48,153
TypeScript,src/lib/coachhelm/v3/counterfactual/compute.ts,19,94,153
TypeScript,src/lib/coachhelm/v3/llm/round-review.ts,22,79,153
SQL,supabase/migrations_archive/v1_original/063_calendar_notifications_and_rsvp.sql,34,56,153
SQL,supabase/migrations_archive/v1_original/070_group_availability_polling.sql,26,25,153
TypeScript,src/app/golf/(dashboard)/dashboard/players/[playerId]/game/PlayerGameFingerprint.tsx,18,31,152
TypeScript,src/components/coach/discover/DiscoverToggle.tsx,13,1,152
TypeScript,src/components/fairway/pages/calendar/FairwayDayStrip.tsx,14,37,152
TypeScript,src/components/lifting/athletes/AthleteProfileCard.tsx,22,26,152
TypeScript,src/components/messages/ConversationList.tsx,18,1,152
TypeScript,src/test/coachhelm/v3/chat-tools-visibility.test.ts,13,29,152
SQL,supabase/migrations_archive/pre_20260527/014_events_camps.sql,14,15,152
TypeScript,src/app/baseball/(dashboard)/dashboard/announcements/page.tsx,20,4,151
TypeScript,src/app/golf/actions/player-feedback.ts,23,50,151
TypeScript,src/app/golf/admin/components/CriticalAlertsBanner.tsx,16,4,151
TypeScript,src/app/golf/admin/crm/components/tasks/TasksPanel.tsx,20,5,151
TypeScript,src/components/lifting/soreness/SorenessBodyMap.tsx,20,26,151
TypeScript,src/components/products/baseball-mockups/VideoMockup.tsx,18,4,151
TypeScript,src/lib/baseball/coachhelm/outcome-sweep.ts,21,97,151
TypeScript,src/lib/coachhelm/v2/analytics/team-correlations.ts,22,26,151
TypeScript,src/test/lib/notifications/insight-notifier.test.ts,23,23,151
SQL,supabase/migrations_archive/pre_20260527/20260306000001_save_partial_round_draft_data.sql,13,15,151
SQL,supabase/tests/rls/baseball_staff_capabilities.sql,27,40,151
TypeScript,src/app/api/golf/players/[playerId]/putt-tendencies/route.ts,26,13,150
TypeScript,src/components/golf/coachhelm/v3/PuttHeatmap/geometry.ts,23,50,150
TypeScript,src/components/golf/profile/KeyMetricsGrid.tsx,17,18,150
TypeScript,src/components/lifting/soreness/BodySilhouetteFront.tsx,14,24,150
TypeScript,src/lib/baseball/adapters/xlsx-reader.ts,21,61,150
TypeScript,src/lib/coachhelm/v2/simulation/scenario-engine.ts,32,39,150
TypeScript,src/test/coachhelm/v3/counterfactual-clamp.test.ts,9,25,150
JavaScript,scripts/verify-emails-resend.mjs,32,16,149
TypeScript,src/app/api/crm/google-calendar/auth/route.ts,29,25,149
TypeScript,src/app/baseball/(dashboard)/_components/hub-sub-nav.tsx,15,46,149
TypeScript,src/app/baseball/(onboarding)/coach-onboarding/hooks/useOnboardingFlow.ts,18,8,149
TypeScript,src/lib/coachhelm/v2/post-round-trigger.ts,10,56,149
TypeScript,src/test/golf/components/DrillSheet.test.tsx,24,38,149
SQL,supabase/migrations/20260624000094_baseball_practice_effectiveness.sql,20,149,149
JavaScript,scripts/debug-player-insert.mjs,29,15,148
TypeScript,src/app/golf/actions/causal-relationships.ts,31,70,148
TypeScript,src/app/lifting/(dashboard)/dashboard/programs/[programId]/page.tsx,30,9,148
TypeScript,src/components/golf/PushPermissionSoftAsk.tsx,13,17,148
TypeScript,src/components/golf/calendar/ConflictWarning.tsx,19,9,148
TypeScript,src/components/golf/calendar/EventCard.tsx,14,4,148
TypeScript,src/components/golf/calendar/editorial/EventChip.tsx,12,33,148
TypeScript,src/components/ui/avatar-upload.tsx,21,8,148
TypeScript,src/lib/coachhelm/v3/ingest/providers/arccos.ts,33,45,148
TypeScript,src/lib/crm/gmail-send.ts,18,45,148
SQL,supabase/migrations/20260605120000_v3_cohort_population_baseline.sql,8,31,148
SQL,supabase/migrations_archive/v1_original/062_complete_golf_rls_cleanup.sql,13,49,148
TypeScript,scripts/refresh-demo-nick-rini.ts,16,31,147
TypeScript,src/components/fairway/pages/coachhelm/AskWorkspace.tsx,17,66,147
TypeScript,src/lib/coachhelm/baseball/generators/event-families.test.ts,18,24,147
TypeScript,src/lib/coachhelm/v3/ranking/score.ts,31,149,147
TypeScript,src/test/coachhelm/v3/sand-source.test.ts,16,46,147
SQL,supabase/migrations_archive/v1_original/050_complete_golf_rls.sql,22,25,147
TypeScript,src/app/baseball/(dashboard)/dashboard/documents/documents-client.tsx,11,1,146
TypeScript,src/components/lifting/weight/WeightCheckInCard.tsx,15,31,146
TypeScript,src/lib/baseball/__tests__/action-baseline.test.ts,13,21,146
TypeScript,src/lib/baseball/active-context.ts,21,54,146
SQL,supabase/migrations_archive/pre_20260527/20260304000001_atomic_partial_round_save.sql,13,14,146
JavaScript,scripts/__tests__/motion-reduced-motion-coverage.test.mjs,23,75,145
JavaScript,scripts/knowledge/workflow-report.mjs,15,0,145
TypeScript,src/components/baseball/source-trust/trust-presentation.ts,14,45,145
TypeScript,src/components/coach/discover/ActiveFiltersBar.tsx,13,5,145
TypeScript,src/components/coach/discover/CompareBar.tsx,14,1,145
TypeScript,src/lib/coachhelm/v3/generators/warmup-hole.ts,16,46,145
TypeScript,src/app/golf/(dashboard)/dashboard/travel/page.tsx,13,22,144
TypeScript,src/app/golf/actions/v3/goal-progress.ts,23,61,144
TypeScript,src/app/lifting/(dashboard)/dashboard/lift/[sessionId]/page.tsx,33,37,144
TypeScript,src/components/fairway/pages/roster/FairwayCoachRoster.tsx,15,8,144
TypeScript,src/components/golf/coachhelm/v3/HeroNarrativeCard.tsx,9,26,144
TypeScript,src/components/lifting/soreness/BodySilhouetteBack.tsx,10,14,144
TypeScript,src/components/golf/coachhelm/insights/DrillAttachment.tsx,12,30,143
TypeScript,src/components/ui/status-pill.tsx,13,26,143
TypeScript,src/contexts/notification-badge-context.tsx,23,30,143
TypeScript,src/lib/error-monitoring.ts,19,41,143
TypeScript,src/test/coachhelm/v3/CourseMgmtGenerator.test.ts,15,10,143
SQL,supabase/migrations/20260608130000_cache_proximity_miss_puttspergir_alignment.sql,5,64,143
TypeScript,src/app/golf/admin/components/InsightCallout.tsx,15,0,142
TypeScript,src/components/baseball/player-profile/snapshot-cards/shared.tsx,20,24,142
TypeScript,src/components/golf/coachhelm/settings/PriorityRanker.tsx,21,10,142
TypeScript,src/test/coachhelm/v3/ScramblingGenerator.test.ts,15,12,142
TypeScript,src/app/api/webhooks/resend-inbound/route.ts,23,60,141
TypeScript,src/app/golf/(dashboard)/layout.tsx,19,43,141
TypeScript,src/app/golf/admin/components/UserBreakdownCard.tsx,13,0,141
TypeScript,src/components/golf/coachhelm/round-review/V2PredictionCard.tsx,13,1,141
TypeScript,src/hooks/use-auth.ts,22,36,141
TypeScript,src/lib/coachhelm/v2/shot-analysis/__tests__/shot-level-sg.property.test.ts,9,45,141
SQL,supabase/tests/rls/baseball_signal_action_materialization.sql,21,42,141
TypeScript,src/app/api/golf/rounds/generate-review/route.ts,25,20,140
TypeScript,src/app/golf/admin/components/BaseballOps.tsx,11,0,140
TypeScript,src/components/fairway/view-header/view-header-segments.tsx,11,46,140
TypeScript,src/lib/admin-logger.ts,20,42,140
TypeScript,src/lib/baseball/adapters/swing-adapters.ts,18,27,140
TypeScript,src/lib/golf/resolve-team.ts,26,119,140
TypeScript,src/test/coachhelm/v3/qualifying.test.ts,15,20,140
SQL,supabase/migrations/20260624000900_baseball_coach_notes.sql,18,73,140
SQL,supabase/migrations_archive/pre_20260527/045_golf_task_assignments.sql,28,41,140
TypeScript,src/components/baseball/calendar/BaseballCalendarWrapper.tsx,22,72,139
TypeScript,src/components/fairway/pages/rounds-new/FairwayRecentCourses.tsx,15,22,139
TypeScript,src/components/golf/coachhelm/v3/StandingBar/Hero.tsx,15,9,139
TypeScript,src/lib/baseball/__tests__/scheduled-evaluator.test.ts,19,28,139
TypeScript,src/lib/utils/emergency-save.ts,12,38,139
TypeScript,src/test/coachhelm/v3/ParTypeGenerator.test.ts,15,10,139
TypeScript,src/test/fixtures/fake-supabase.test.ts,11,0,139
JavaScript,scripts/__tests__/no-raw-button-product.test.mjs,19,52,138
TypeScript,src/app/golf/actions/v3/focus-area-progress.ts,26,62,138
TypeScript,src/app/golf/admin/crm/components/insights/InsightsDashboard.tsx,12,7,138
TypeScript,src/components/baseball/performance/lift-canvas/PrescriptionChip.tsx,21,10,138
TypeScript,src/components/fairway/charts/ChartTooltip.tsx,15,67,138
TypeScript,src/lib/baseball/source-record.ts,22,106,138
TypeScript,src/lib/lifting/with-lifting-action.ts,22,58,138
TypeScript,src/test/lib/coachhelm/v3/goals/evaluator.test.ts,11,15,138
SQL,supabase/migrations_archive/pre_20260527/20260310220000_fix_driving_distance_avg.sql,13,5,138
SQL,supabase/migrations_archive/pre_20260527/20260421100001_canonical_coachhelm_rls.sql,9,31,138
TypeScript,src/app/api/cron/v3/standing-backfill/route.ts,13,38,137
TypeScript,src/app/golf/admin/components/OverviewTab.tsx,15,14,137
TypeScript,src/app/golf/admin/components/TeamIntelligenceCard.tsx,12,0,137
TypeScript,src/components/baseball/peek-panel/PlayerQuickActions.tsx,14,0,137
TypeScript,src/components/fairway/cards-insight/themes/ThemeCard.tsx,19,68,137
TypeScript,src/components/fairway/pages/announcements/FairwayAnnouncements.logic.test.ts,23,14,137
TypeScript,src/test/coachhelm/v3/ingest/arccos-transactional.test.ts,19,24,137
SQL,supabase/migrations/20260624000093_baseball_postgame_reviews.sql,24,104,137
JavaScript,scripts/__tests__/chart-tooltip-consolidated.test.mjs,19,50,136
JavaScript,scripts/seed-baseball-stats.mjs,26,3,136
TypeScript,src/app/baseball/(dashboard)/dashboard/import/page.tsx,20,43,136
TypeScript,src/app/golf/(dashboard)/dashboard/players/[playerId]/game/sections/TrendSection.tsx,9,11,136
TypeScript,src/components/baseball/import-center/SourceDetectionCard.tsx,15,17,136
TypeScript,src/components/baseball/passport/ScoutPacketRosterList.tsx,11,12,136
TypeScript,src/components/fairway/feedback/Skeleton.tsx,10,39,136
TypeScript,src/hooks/golf/use-round-status-sync.ts,25,9,136
TypeScript,src/lib/coachhelm/v2/features/temporal.ts,42,53,136
TypeScript,src/lib/coachhelm/v3/causality/metric-sources.ts,31,220,136
TypeScript,src/lib/golf/course-image-assets.ts,6,12,136
TypeScript,src/lib/types/helm-lifting.ts,24,36,136
SQL,supabase/migrations_archive/pre_20260527/015_analytics.sql,8,12,136
TypeScript,src/app/golf/actions/player-effectiveness.ts,25,26,135
TypeScript,src/app/golf/admin/crm/components/insights/TemplatePerformanceTable.tsx,9,10,135
TypeScript,src/components/baseball/games/GameCard.tsx,12,0,135
TypeScript,src/components/fairway/pages/calendar/FairwayCalendarMemberRail.tsx,14,16,135
TypeScript,src/components/golf/coachhelm/insight-card/ResolutionCelebration.tsx,19,48,135
TypeScript,src/components/golf/dashboard/__tests__/team-pulse-card.test.tsx,22,35,135
TypeScript,src/lib/coachhelm/v3/recap/builder.ts,11,24,135
TypeScript,src/test/coachhelm/v3/PuttBiasGenerator.test.ts,17,14,135
TypeScript,src/test/golf/actions/insight-evidence.test.ts,26,21,135
SQL,supabase/migrations/20260608120000_charge_penalties_in_sg.sql,6,31,135
SQL,supabase/migrations_archive/v1_original/013_update_players_table.sql,32,43,135
JavaScript,scripts/baseballhelm-loc.mjs,6,20,134
TypeScript,src/app/golf/admin/components/UsageMetricsCard.tsx,15,0,134
TypeScript,src/app/golf/admin/crm/components/Toast.tsx,17,14,134
TypeScript,src/app/golf/admin/crm/components/automations/AutomationsSeed.ts,6,24,134
TypeScript,src/lib/calendar/conflicts.ts,30,36,134
TypeScript,src/lib/coachhelm/v3/recap/template.ts,12,7,134
TypeScript,src/lib/types/golf-course.ts,19,34,134
TypeScript,src/test/coachhelm/v2/learning/behavior-learner.test.ts,13,2,134
TypeScript,src/test/golf/actions/insight-celebration.test.ts,21,20,134
TypeScript,src/test/golf/actions/player-feedback.test.ts,14,14,134
SQL,supabase/demo/02_shared_demo_coach.sql,10,58,134
SQL,supabase/migrations_archive/pre_20260527/20260523200000_coachhelm_p0_sweep.sql,21,84,134
TypeScript,src/app/baseball/actions/stat-visual-views.ts,34,54,133
TypeScript,src/app/golf/admin/crm/components/pipeline/PipelineCard.tsx,11,6,133
TypeScript,src/app/golf/admin/crm/components/replies/ReplyThread.tsx,13,18,133
TypeScript,src/components/fairway/pages/calendar/__tests__/FairwayEventEditor.scope.test.tsx,19,12,133
TypeScript,src/components/golf/tasks/ReminderBadge.tsx,20,8,133
TypeScript,src/components/ui/sonner.tsx,23,68,133
TypeScript,src/lib/crm/automations-engine.ts,15,51,133
SQL,supabase/migrations/20260624000230_baseball_signal_action_materialization.sql,20,92,133
JavaScript,scripts/__tests__/single-pageheader.test.mjs,21,48,132
TypeScript,src/components/fairway/charts/StatTile.tsx,14,53,132
TypeScript,src/lib/lifting/checkin-scheduling.ts,27,104,132
TypeScript,src/test/api/cron/coachhelm-safety-net.test.ts,21,8,132
TypeScript,src/components/golf/stats/sections/ScramblingStats.tsx,8,2,131
TypeScript,src/components/golf/stats/sections/StrokesGainedStats.tsx,6,0,131
SQL,supabase/migrations_archive/v1_original/010_create_coach_features.sql,31,32,131
TypeScript,src/components/fairway/pages/calendar/FairwayEventCard.tsx,15,28,130
TypeScript,src/components/fairway/pages/coachhelm/PlayersGridSkeleton.tsx,9,25,130
TypeScript,src/components/golf/coachhelm/v3/GoalCard/index.tsx,13,21,130
TypeScript,src/components/golf/roster/RosterToolbar.tsx,13,12,130
TypeScript,src/components/icons/index.tsx,7,5,130
TypeScript,src/lib/baseball/__tests__/nav-capability-gating.test.ts,14,38,130
TypeScript,src/lib/coachhelm/v3/chat/agent.ts,8,36,130
TypeScript,src/test/golf/actions/alert-counts-visibility.test.ts,18,29,130
TypeScript,src/test/golf/calendar-page.test.tsx,18,17,130
SQL,supabase/migrations_archive/pre_20260527/047_shot_resequencing.sql,25,27,130
TypeScript,src/app/golf/actions/__tests__/stats-leak-maps.test.ts,27,26,129
TypeScript,src/components/baseball/command-center/HighSchoolCommandBanner.tsx,11,16,129
TypeScript,src/components/baseball/dev-plans/PlanDetail.tsx,9,0,129
TypeScript,src/components/baseball/player-stats/StatsOverviewCards.tsx,10,6,129
TypeScript,src/components/baseball/practice-planner/PracticePrintExport.tsx,13,34,129
TypeScript,src/lib/types/baseball-team-season-settings.ts,21,41,129
TypeScript,src/test/coachhelm/v3/TeeStrategyGenerator.test.ts,11,9,129
TypeScript,src/test/golf/actions/pattern-management.test.ts,10,2,129
TypeScript,src/test/lib/calendar/rsvp.test.ts,36,25,129
TypeScript,supabase/functions/send-apns-push/index.ts,24,7,129
SQL,supabase/migrations_archive/pre_20260527/056_task_enhancements.sql,27,40,129
SQL,supabase/tests/rls/baseball_stats_center.sql,17,48,129
JavaScript,scripts/__tests__/no-arbitrary-text-px-components.test.mjs,19,62,128
TypeScript,src/app/api/push-subscriptions/route.ts,15,25,128
TypeScript,src/app/golf/admin/components/shared/DateRangePicker.tsx,15,0,128
TypeScript,src/app/lifting/(dashboard)/dashboard/lift/page.tsx,26,34,128
TypeScript,src/components/baseball/stat-visuals/use-stat-visual-views.ts,12,39,128
TypeScript,src/components/golf/coachhelm/coach/CategoryCard.tsx,10,0,128
TypeScript,src/app/baseball/actions/coachhelm-actions.ts,19,72,127
TypeScript,src/app/baseball/actions/player-today-lift.ts,18,48,127
TypeScript,src/app/golf/(dashboard)/dashboard/analytics/coachhelm/page.tsx,11,16,127
TypeScript,src/components/fairway/controls/tabs.tsx,9,26,127
TypeScript,src/components/golf/coachhelm/player/FocusAreasGrid.test.tsx,13,14,127
TypeScript,src/components/golf/dashboard/stat-card-sparkline.tsx,11,11,127
TypeScript,src/hooks/use-watchlist.ts,24,1,127
TypeScript,src/lib/types/baseball-practice-deep.ts,23,73,127
TypeScript,src/test/coachhelm/v2/insights/upsert-priority-repersist.test.ts,16,21,127
TypeScript,src/test/lib/auth/verify-player-access.test.ts,15,3,127
SQL,supabase/migrations_archive/pre_20260527/030_golf_calendar.sql,22,15,127
SQL,supabase/tests/rls/baseball_staff_invite_accept.sql,21,42,127
TypeScript,src/app/api/calendar/coach/[token]/route.ts,24,27,126
TypeScript,src/app/baseball/(dashboard)/dashboard/players/[id]/stats/page.tsx,18,1,126
TypeScript,src/app/golf/(dashboard)/dashboard/qualifiers/[id]/QualifierViewTabs.tsx,8,0,126
TypeScript,src/app/lifting/actions/auth.ts,16,11,126
TypeScript,src/components/baseball/source-trust/SourceTrustBadge.tsx,12,33,126
TypeScript,src/components/baseball/ui/CommandCard.tsx,19,41,126
TypeScript,src/components/fairway/pages/dashboard/FairwayDashboardSkeleton.tsx,11,28,126
TypeScript,src/components/golf/coachhelm/round-review/V2PatternsSection.tsx,12,2,126
TypeScript,src/components/golf/messages/AttachmentButton.tsx,19,93,126
TypeScript,src/hooks/useNotifications.ts,22,29,126
TypeScript,src/lib/baseball/scout-packet-shared.ts,17,31,126
TypeScript,src/lib/coachhelm/v2/insights/types.ts,28,132,126
TypeScript,src/lib/coachhelm/v2/stats/z-score.ts,29,47,126
TypeScript,src/lib/coachhelm/v3/chat/persist-turn.ts,14,3,126
SQL,supabase/migrations/20260624000040_baseball_timeline_and_acks.sql,20,57,126
SQL,supabase/migrations_archive/pre_20260527/20260306100001_create_refresh_player_stats_cache.sql,5,29,125
TypeScript,src/app/golf/actions/__tests__/insight-delivery-rank.test.ts,11,24,124
TypeScript,src/app/golf/admin/crm/components/notes/NotesPanel.tsx,17,10,124
TypeScript,src/app/golf/admin/crm/components/sequences/SequenceCard.tsx,6,6,124
TypeScript,src/components/golf/player-hub/HubInsightSignalCard.tsx,11,39,124
TypeScript,src/hooks/golf/use-team-context.ts,23,12,124
TypeScript,src/lib/coachhelm/v2/learning/__tests__/outcome-validator.horizon.test.ts,18,7,124
TypeScript,scripts/inline-email-images-to-public.ts,25,20,123
TypeScript,src/app/baseball/actions/player-access.ts,25,72,123
TypeScript,src/app/golf/(dashboard)/dashboard/intelligence/page.tsx,16,29,123
TypeScript,src/app/golf/admin/crm/components/insights/TimeToOpenChart.tsx,10,12,123
TypeScript,src/components/fairway/pages/coachhelm/AskThreadPane.tsx,10,44,123
TypeScript,src/components/golf/coachhelm/v3/Genome/GenomePersonaPanel.tsx,8,0,123
TypeScript,src/components/golf/roster/PlayerRosterView.tsx,9,1,123
TypeScript,src/lib/baseball/read-models/__tests__/stat-visuals.test.ts,12,10,123
TypeScript,src/lib/coachhelm/v3/ingest/providers/arccos-mapper.ts,25,43,123
TypeScript,src/test/coachhelm/v3/standing-gender-anchor.test.ts,18,7,123
SQL,supabase/migrations_archive/pre_20260527/058_golf_message_attachments.sql,24,49,123
TypeScript,src/app/golf/admin/crm/components/insights/ClickHeatmap.tsx,10,5,122
TypeScript,src/app/golf/join/page.tsx,14,1,122
TypeScript,src/components/fairway/pages/coachhelm/PracticeRxForInsight.tsx,18,60,122
TypeScript,src/lib/validation/server-action-validator.ts,22,44,122
TypeScript,src/test/coachhelm/v2/insights/upsert-resurrection.test.ts,15,12,122
SQL,supabase/migrations/20260606220000_player_distance_proximity_writer.sql,8,17,122
SQL,supabase/migrations/20260614020000_recruit_documents.sql,17,38,122
SQL,supabase/migrations_archive/v1_original/20260104000003_fix_messaging_rls_definitive.sql,25,35,122
SQL,supabase/migrations_archive/v1_original/20260105000003_coachhelm_settings.sql,34,38,122
SQL,supabase/tests/rls/baseball_v11_lifting_visibility.sql,14,39,122
TypeScript,src/app/golf/actions/insight-delivery-ranking.ts,7,14,121
TypeScript,src/app/golf/actions/v3/qualifying.ts,20,7,121
TypeScript,src/app/golf/admin/components/tracer/DataQualityIssueRow.tsx,13,0,121
TypeScript,src/components/baseball/source-trust/stamped-trust.ts,9,49,121
TypeScript,src/components/fairway/forms/Checkbox.tsx,13,29,121
TypeScript,src/components/fairway/pages/rounds-tracking/FairwayCompletedHole.tsx,8,11,121
TypeScript,src/lib/baseball/adapters/event-rows.ts,15,53,121
TypeScript,src/lib/coachhelm/v3/practice-rx/composer.ts,11,49,121
TypeScript,src/lib/notifications/index.ts,20,30,121
TypeScript,src/lib/types/baseball-practice.ts,18,36,121
SQL,supabase/migrations_archive/v1_original/052_critical_audit_fixes.sql,18,48,121
TypeScript,src/app/baseball/actions/ai-governance.ts,22,58,120
TypeScript,src/app/golf/actions/crm-dedup.ts,25,60,120
TypeScript,src/app/golf/admin/crm/components/EmailStatusBadge.tsx,19,38,120
TypeScript,src/components/baseball/travel/ExpenseSummary.tsx,11,0,120
TypeScript,src/components/fairway/forms/RadioGroup.tsx,11,30,120
TypeScript,src/components/fairway/pages/coachhelm/InsightTrustChips.tsx,16,70,120
TypeScript,src/components/fairway/pages/roster/FairwayJoinRequestAlert.tsx,17,38,120
TypeScript,src/components/golf/coachhelm/insight-card/DrillChips.tsx,10,26,120
TypeScript,src/lib/baseball/__tests__/stats-center-derivations.test.ts,10,13,120
TypeScript,src/lib/coachhelm/v3/qualifying/loader.ts,17,17,120
TypeScript,src/test/golf/actions/generate-alerts-honest-count.test.ts,19,28,120
SQL,supabase/migrations_archive/pre_20260527/20260524200100_v3_golf_pga_standards_seed.sql,10,64,120
JavaScript,scripts/fix-auth.mjs,35,13,119
TypeScript,scripts/fix-score-mismatches.ts,21,30,119
TypeScript,src/app/api/cron/coachhelm-calibration/route.ts,18,16,119
TypeScript,src/app/golf/(dashboard)/dashboard/settings/notifications/page.tsx,8,8,119
TypeScript,src/components/ui/checkbox.tsx,6,0,119
TypeScript,src/components/ui/progress.tsx,8,1,119
TypeScript,src/lib/coachhelm/v2/mining/__tests__/causal-engine.supersede.test.ts,22,21,119
TypeScript,src/lib/coachhelm/v3/standing/loader.ts,14,56,119
TypeScript,src/test/coachhelm/v3/generator-base.test.ts,22,8,119
JavaScript,scripts/baseballhelm-build-event.mjs,15,28,118
TypeScript,src/components/fairway/pages/calendar/FairwayCalendarHero.tsx,11,43,118
TypeScript,src/components/golf/announcements/AnnouncementTaskItem.tsx,10,2,118
TypeScript,src/components/golf/roster/JoinRequestAlert.tsx,17,7,118
TypeScript,src/components/ui/dialog.tsx,12,0,118
TypeScript,src/components/ui/view-toggle.tsx,7,1,118
TypeScript,src/lib/coachhelm/v2/shot-analysis/scoring-opportunities.ts,23,53,118
TypeScript,src/lib/coachhelm/v2/stats/baselines.ts,30,47,118
TypeScript,src/lib/utils/push-registration.ts,24,61,118
SQL,supabase/tests/rls/baseball_event_acknowledgements.sql,18,39,118
JavaScript,scripts/__tests__/single-h1-per-page.test.mjs,20,64,117
TypeScript,src/app/baseball/(dashboard)/_components/resolve-active-hub.ts,10,28,117
TypeScript,src/app/golf/actions/roster.ts,30,45,117
TypeScript,src/lib/coachhelm/baseball/engine.ts,12,69,117
SQL,supabase/migrations_archive/v1_original/038_team_lineups.sql,15,16,117
JavaScript,scripts/__tests__/no-legacy-skeleton-imports.test.mjs,15,47,116
TypeScript,src/app/golf/admin/components/tracer/TracerAlertPanel.tsx,11,7,116
TypeScript,src/components/auth/password-strength-indicator.tsx,13,0,116
TypeScript,src/components/dashboard/EngagementChart.tsx,10,0,116
TypeScript,src/components/features/pipeline-card.tsx,9,1,116
TypeScript,src/components/golf/coachhelm/coach/LeakBoard.tsx,15,20,116
TypeScript,src/hooks/use-mobile-detection.ts,25,33,116
SQL,supabase/migrations_archive/pre_20260527/20260524210100_v3_refresh_player_standing_function.sql,8,32,116
TypeScript,src/app/baseball/(dashboard)/_components/hub-definitions.ts,15,44,115
TypeScript,src/app/golf/admin/crm/components/resend/shared.tsx,12,13,115
TypeScript,src/components/baseball/team/TeamAnalytics.tsx,8,0,115
TypeScript,src/components/fairway/feedback/InlineNotice.tsx,8,32,115
TypeScript,src/components/fairway/pages/roster/FairwayPlayerCard.tsx,12,5,115
TypeScript,src/components/golf/coachhelm/round-review/HoleByHoleShotPaths.tsx,12,13,115
TypeScript,src/components/lifting/soreness/HighPrioritySorenessList.tsx,17,15,115
TypeScript,src/hooks/golf/use-appearance-preferences.ts,26,27,115
TypeScript,src/hooks/use-colleges.ts,23,4,115
TypeScript,src/lib/auth/session.ts,21,32,115
TypeScript,src/lib/coachhelm/baseball/metrics/registry.role-visibility.test.ts,12,29,115
SQL,supabase/tests/rls/baseball_import_lineage.sql,19,40,115
JavaScript,scripts/baseballhelm-command-center-hook.mjs,12,22,114
TypeScript,src/app/golf/admin/components/EngagementCard.tsx,9,1,114
TypeScript,src/app/golf/admin/components/UserFunnelViz.tsx,10,1,114
TypeScript,src/app/layout.tsx,5,6,114
TypeScript,src/components/baseball/team/RosterTable.tsx,6,0,114
TypeScript,src/components/baseball/ui/StatusRibbon.tsx,10,1,114
TypeScript,src/components/features/save-comparison-modal.tsx,14,1,114
TypeScript,src/components/golf/dashboard/team-pulse-card.tsx,10,4,114
TypeScript,src/components/ui/tabs.tsx,10,20,114
TypeScript,src/lib/auth/password-validation.ts,11,20,114
TypeScript,src/lib/baseball/__tests__/import-validation.test.ts,16,13,114
TypeScript,src/lib/baseball/daily-contract/missed-sweep.ts,16,117,114
TypeScript,src/lib/types/baseball-passport.ts,18,65,114
TypeScript,src/test/coachhelm/v3/genome.test.ts,14,13,114
SQL,supabase/migrations/20260605130000_v3_approach_proximity_standing.sql,7,19,114
SQL,supabase/tests/rls/baseball_seasons.sql,18,43,114
JavaScript,scripts/__tests__/genome-fluid.test.mjs,14,26,113
TypeScript,src/app/golf/actions/admin/rollup-c.shared.ts,4,7,113
TypeScript,src/components/fairway/pages/calendar/FairwayAvailabilityList.tsx,10,10,113
TypeScript,src/components/golf/coachhelm/insights/InsightSearchBar.tsx,13,5,113
TypeScript,src/components/golf/rounds/Sparkline.tsx,13,24,113
TypeScript,src/components/golf/stats/sections/DrivingStats.tsx,6,0,113
SQL,supabase/migrations_archive/v1_original/026_add_comprehensive_golf_stats.sql,10,11,113
JavaScript,scripts/__tests__/microcopy-banned-phrases.test.mjs,9,18,112
TypeScript,src/app/golf/(dashboard)/dashboard/qualifiers/loading.tsx,8,16,112
TypeScript,src/app/golf/admin/crm/types/foundations.ts,14,35,112
TypeScript,src/app/lifting/(dashboard)/dashboard/check-ins/check-ins-client.tsx,15,18,112
TypeScript,src/components/baseball/season-stats/MySeasonStats.tsx,10,0,112
TypeScript,src/components/fairway/controls/badge.tsx,12,21,112
SQL,supabase/migrations_archive/pre_20260527/057_document_versions.sql,19,22,112
TypeScript,src/app/baseball/(dashboard)/dashboard/command-center/loading.tsx,7,0,111
TypeScript,src/app/golf/actions/__tests__/round-recap.test.ts,19,18,111
TypeScript,src/app/golf/admin/crm/components/timeline/TimelineItem.tsx,12,5,111
TypeScript,src/components/fairway/charts/TrendChip.tsx,21,82,111
TypeScript,src/components/fairway/feedback/InsufficientData.tsx,9,35,111
TypeScript,src/lib/baseball/coachhelm/action-baseline.ts,18,117,111
TypeScript,src/lib/coachhelm/v3/composite/hole-sequence-loader.ts,15,40,111
JavaScript,scripts/ui-smoke.mjs,10,11,110
TypeScript,src/app/baseball/(dashboard)/dashboard/compare/actions.ts,29,14,110
TypeScript,src/app/baseball/(dashboard)/dashboard/settings/roles/page.tsx,9,12,110
TypeScript,src/app/lifting/actions/assignments.ts,23,54,110
TypeScript,src/components/baseball/stat-visuals/index.ts,12,23,110
TypeScript,src/components/baseball/ui/ActionRail.tsx,8,15,110
TypeScript,src/components/golf/GolfTabBar.tsx,6,29,110
TypeScript,src/lib/baseball/lifting/live-set-offline-buffer.ts,13,62,110
TypeScript,src/test/coachhelm/v2/insights/upsert-coach-scoping.test.ts,9,12,110
TypeScript,src/test/coachhelm/v3/genome-orchestrator-persistence.test.ts,21,26,110
SQL,supabase/migrations_archive/pre_20260527/20260307000000_golf_task_reminders.sql,17,15,110
SQL,supabase/migrations_archive/pre_20260527/20260421000001_admin_dashboard_rollup.sql,4,25,110
JavaScript,scripts/ui-intelligence/refresh-landed.mjs,16,30,109
TypeScript,src/app/api/cron/v3/ingest-sync/route.ts,8,14,109
TypeScript,src/app/baseball/(dashboard)/dashboard/travel/page.tsx,14,4,109
TypeScript,src/app/golf/(dashboard)/dashboard/documents/page.tsx,12,12,109
TypeScript,src/app/golf/(dashboard)/dashboard/insights/page.tsx,9,42,109
TypeScript,src/app/golf/admin/crm/coach/[id]/page.tsx,11,19,109
TypeScript,src/components/golf/approach-miss-selector.tsx,10,3,109
TypeScript,src/components/golf/coachhelm/v3/StandingBar/Inline.tsx,12,15,109
TypeScript,src/components/landing/Footer.tsx,8,0,109
SQL,supabase/migrations_archive/pre_20260527/20260212000003_fix_security_rls.sql,28,72,109
TypeScript,scripts/warm-edge.ts,11,27,108
TypeScript,src/app/baseball/(dashboard)/dashboard/colleges/page.tsx,10,0,108
TypeScript,src/app/golf/(dashboard)/dashboard/rounds/unfinished-rounds-section.tsx,13,0,108
TypeScript,src/app/golf/actions/push-notifications.ts,18,31,108
TypeScript,src/app/golf/admin/components/tracer/DataCompletenessGrid.tsx,9,3,108
TypeScript,src/app/golf/admin/crm/components/suppressions/SuppressionRow.tsx,11,3,108
TypeScript,src/components/fairway/controls/segmented.tsx,8,33,108
TypeScript,src/components/golf/__tests__/TeamSwitcher.test.tsx,27,15,108
TypeScript,src/components/golf/recruiting/RecruitCard.tsx,10,0,108
TypeScript,src/lib/baseball/capability-groups.ts,3,28,108
TypeScript,src/lib/coachhelm/v2/feedback/confidence-calibrator.ts,23,34,108
TypeScript,src/lib/types/baseball-postgame.ts,33,49,108
TypeScript,src/test/coachhelm/v3/chat-create-goal.test.ts,27,19,108
TypeScript,src/test/golf/actions/coachhelm-analytics.test.ts,15,6,108
SQL,supabase/migrations_archive/v1_original/065_recurring_events.sql,25,30,108
SQL,supabase/tests/rls/golf_coach_insights_cross_tenant_select.sql,21,32,108
TypeScript,scripts/resend-import-crm-prospects.ts,14,25,107
TypeScript,src/app/golf/actions/crm-engagement.ts,20,29,107
TypeScript,src/app/golf/actions/crm-replies.ts,18,29,107
TypeScript,src/app/golf/admin/crm/components/pipeline/PipelineColumn.tsx,8,7,107
TypeScript,src/components/baseball/player-profile/PlayerNotesSection.tsx,11,0,107
TypeScript,src/components/baseball/signals/signal-presentation.ts,14,32,107
TypeScript,src/components/lifting/soreness/SorenessSeveritySlider.tsx,11,7,107
TypeScript,src/lib/baseball/__tests__/outcome-sweep-insight-resolve.test.ts,11,31,107
TypeScript,src/lib/baseball/adapters/mini-xml.ts,15,34,107
TypeScript,src/lib/coachhelm/v3/notifications/types.ts,7,48,107
TypeScript,src/test/coachhelm/v3/WarmupHoleGenerator.test.ts,13,4,107
TypeScript,src/app/golf/admin/crm/components/BulkActionsBar.tsx,14,2,106
TypeScript,src/components/fairway/charts/GenomeRadar.tsx,7,16,106
TypeScript,src/components/golf/coachhelm/round-review/V2CausalInsights.tsx,12,1,106
TypeScript,src/components/golf/coachhelm/v3/StandingBar/utils.ts,10,81,106
TypeScript,src/components/products/golf-mockups/CoachAIMockup.tsx,5,0,106
TypeScript,src/lib/coachhelm/v3/goals/__tests__/window-metric.test.ts,12,5,106
TypeScript,src/lib/coachhelm/v3/standing/pga-standards.ts,17,73,106
SQL,supabase/migrations/20260621130000_ingest_external_round_atomic.sql,6,21,106
TypeScript,scripts/regen-coachhelm-from-corrected-stats.ts,11,54,105
TypeScript,src/app/api/cron/v3/weekly-coach-email/route.ts,11,18,105
TypeScript,src/components/baseball/import-center/ImportCenterShell.tsx,12,30,105
TypeScript,src/components/fairway/pages/rounds/FairwayUnsyncedRoundBanner.tsx,13,36,105
TypeScript,src/components/golf/coachhelm/v3/RoundReviewLlmCard.tsx,8,34,105
TypeScript,src/components/ui/chart-shell.tsx,10,69,105
TypeScript,src/hooks/use-notifications.ts,17,1,105
TypeScript,src/lib/cache/index.ts,30,31,105
TypeScript,src/test/coachhelm/v2/insights/to-insight-input.test.ts,7,8,105
TypeScript,src/test/coachhelm/v3/standing-loader-gender.test.ts,21,13,105
TypeScript,src/app/api/admin/debug-rollup/route.ts,12,15,104
TypeScript,src/app/baseball/(player-dashboard)/player/passport/loading.tsx,10,4,104
TypeScript,src/app/golf/(dashboard)/dashboard/patterns/page.tsx,8,16,104
TypeScript,src/app/golf/admin/components/AdminRealtimeProvider.tsx,23,29,104
TypeScript,src/components/fairway/feedback/ToastStack.tsx,12,55,104
TypeScript,src/components/fairway/forms/Switch.tsx,11,26,104
TypeScript,src/components/fairway/pages/coachhelm/CoachHelmShell.tsx,12,57,104
TypeScript,src/components/golf/player-hub/PlayerHubWrapper.tsx,16,5,104
TypeScript,src/components/ui/drawer.tsx,11,17,104
TypeScript,src/components/ui/row-actions-menu.tsx,7,6,104
TypeScript,src/hooks/use-baseball-auth.ts,25,20,104
TypeScript,src/lib/auth/verify-player-access.ts,19,52,104
TypeScript,src/lib/baseball/lifting/use-live-set-sync.ts,13,35,104
TypeScript,src/lib/baseball/player-access.ts,23,103,104
SQL,supabase/migrations_archive/v1_original/009_create_developmental_plans.sql,26,28,104
SQL,supabase/migrations_archive/v1_original/RUN_ALL_MIGRATIONS.sql,35,49,104
TypeScript,scripts/h5-attribution-dryrun.ts,12,22,103
TypeScript,src/app/api/crm/google-calendar/callback/route.ts,16,10,103
TypeScript,src/app/golf/actions/__tests__/golf-active-team-conversations.test.ts,18,20,103
TypeScript,src/components/golf/calendar/event-form-helpers.ts,19,63,103
TypeScript,src/lib/baseball/read-models/decision-room/tasks-conflicts.ts,18,53,103
TypeScript,src/lib/utils/web-push-subscribe.ts,13,36,103
TypeScript,src/test/coachhelm/v3/metric-registry-attribute-parity.test.ts,12,34,103
SQL,supabase/migrations_archive/pre_20260527/20260115212302_golf_coach_philosophy_complete.sql,34,38,103
TypeScript,scripts/create-test-user.ts,25,9,102
TypeScript,src/lib/auth/ownership.ts,23,26,102
TypeScript,src/lib/coachhelm/v3/goals/window-metric.ts,18,50,102
TypeScript,src/test/coachhelm/v3/chat-tools.test.ts,12,10,102
TypeScript,src/test/fairway/settings-notifications.test.tsx,18,2,102
SQL,supabase/migrations_archive/pre_20260527/20260311140000_fix_ambiguous_created_at.sql,11,22,102
SQL,supabase/migrations_archive/pre_20260527/20260525170000_v3_focus_areas_to_goals_backfill.sql,3,51,102
SQL,supabase/migrations_archive/v1_original/042_fix_trigger_security_definer.sql,6,13,102
JavaScript,scripts/__tests__/no-glasscard-imports.test.mjs,15,43,101
JavaScript,scripts/__tests__/no-vh-in-mobile-paths.test.mjs,13,28,101
JavaScript,scripts/import-via-api.mjs,21,5,101
TypeScript,src/app/baseball/(dashboard)/dashboard/players/[id]/passport/loading.tsx,10,5,101
TypeScript,src/app/golf/join/[code]/page.tsx,13,12,101
TypeScript,src/components/fairway/forms/NumberField.tsx,10,21,101
TypeScript,src/lib/baseball/lifting/__tests__/live-set-offline-buffer.test.ts,13,20,101
SQL,supabase/migrations/20260625150000_baseball_lifting_drift_closure.sql,34,104,101
SQL,supabase/migrations_archive/pre_20260527/20260311192653_coachhelm_production_alignment.sql,16,4,101
SQL,supabase/migrations_archive/v1_original/047_data_cleanup.sql,26,46,101
SQL,supabase/tests/rls/baseball_coach_notes.sql,18,49,101
JavaScript,scripts/__tests__/radix-dropdown-sonner.test.mjs,15,56,100
TypeScript,src/app/baseball/(dashboard)/dashboard/settings/permissions/page.tsx,9,12,100
TypeScript,src/app/baseball/actions/timeline-acks.ts,28,61,100
TypeScript,src/app/golf/(dashboard)/dashboard/stats/team/loading.tsx,6,12,100
TypeScript,src/components/baseball/onboarding/StepIndicator.tsx,12,6,100
TypeScript,src/components/golf/announcements/AcknowledgementTracker.tsx,7,0,100
TypeScript,src/components/panels/PeekPanelRoot.tsx,11,2,100
TypeScript,src/lib/coachhelm/v3/composite/rules/lag-distance-3putt.ts,9,38,100
TypeScript,src/test/lib/notifications/email.test.ts,25,26,100
SQL,supabase/migrations_archive/pre_20260527/020_golf_core.sql,15,12,100
SQL,supabase/tests/rls/v3_rpc_grant_hardening.sql,28,29,100
JavaScript,scripts/lint-ratchet.mjs,20,45,99
TypeScript,src/app/golf/(dashboard)/dashboard/patterns/PatternsDashboardClient.tsx,12,12,99
TypeScript,src/components/golf/coachhelm/round-review/RoundIntelligence.tsx,10,24,99
TypeScript,src/components/lifting/shell/LabNav.tsx,7,1,99
TypeScript,src/lib/coachhelm/v3/genome/persona.ts,18,27,99
TypeScript,src/test/golf/actions/coaching-philosophy.test.ts,15,1,99
SQL,supabase/migrations/20260609170000_v3_gender_scoped_level_cohort.sql,3,56,99
SQL,supabase/migrations_archive/pre_20260527/20260204100000_golf_team_join_requests.sql,16,22,99
SQL,supabase/migrations_archive/pre_20260527/20260429T2_crm_automations.sql,11,33,99
SQL,supabase/tests/rls/baseball_full_phase1.sql,13,71,99
JavaScript,scripts/__tests__/sidebar-md-breakpoint.test.mjs,20,54,98
TypeScript,src/app/golf/(dashboard)/dashboard/whats-new/loading.tsx,6,10,98
TypeScript,src/app/golf/actions/coaching-philosophy.ts,17,26,98
TypeScript,src/app/golf/actions/demo-access.ts,24,50,98
TypeScript,src/lib/baseball/__tests__/stamped-trust.test.ts,13,9,98
TypeScript,src/lib/coachhelm/v2/feedback/outcome-tracker.ts,16,33,98
SQL,supabase/migrations/20260621231000_qualifier_round_courses.sql,10,33,98
JavaScript,scripts/__tests__/chart-palette.test.mjs,11,42,97
JavaScript,scripts/wf_phase34.js,17,3,97
TypeScript,src/app/baseball/(dashboard)/dashboard/dev-plans/[id]/page.tsx,11,0,97
TypeScript,src/app/golf/(dashboard)/dashboard/alerts/page.tsx,8,29,97
TypeScript,src/app/golf/actions/__tests__/team-switcher.test.ts,25,12,97
TypeScript,src/components/baseball/peek-panel/QuickStatsDisplay.tsx,9,1,97
TypeScript,src/components/golf/coachhelm/v3/Genome/GenomeComparePicker.tsx,5,15,97
TypeScript,src/components/golf/coachhelm/v3/QualifyingBoard/SelectionStateBar.tsx,8,1,97
TypeScript,src/components/lifting/soreness/SorenessSelectedRegionList.tsx,8,6,97
TypeScript,src/lib/coachhelm/v3/ingest/providers/arccos-client.ts,20,27,97
SQL,supabase/migrations/20260624001401_baseball_public_player_stats_rpc.sql,11,61,97
JavaScript,scripts/__tests__/emptystate-vocab.test.mjs,14,25,96
JavaScript,scripts/__tests__/footer-auth-copy.test.mjs,18,43,96
TypeScript,src/app/baseball/(dashboard)/dashboard/players/[id]/scout-packet/page.tsx,15,15,96
TypeScript,src/components/fairway/charts/index.ts,22,32,96
TypeScript,src/components/fairway/pages/coachhelm/index.ts,11,65,96
TypeScript,src/components/golf/layout/LargeTitleHeader.tsx,8,34,96
TypeScript,src/components/golf/layout/MobileNavHeader.tsx,8,35,96
TypeScript,src/lib/coachhelm/v3/llm/budget.ts,16,38,96
TypeScript,src/test/api/cron/coachhelm-insight-lifecycle-bounds.test.ts,22,1,96
SQL,supabase/migrations_archive/pre_20260527/013_coach_features.sql,9,13,96
SQL,supabase/migrations_archive/pre_20260527/024_golf_qualifiers.sql,10,13,96
SQL,supabase/migrations_archive/v1_original/031_migrate_to_organizations.sql,22,59,96
SQL,supabase/tests/rls/baseball_import_center.sql,13,27,96
TypeScript,scripts/verify-db-types.ts,42,89,95
TypeScript,src/app/actions/notification-preferences.ts,19,11,95
TypeScript,src/components/fairway/forms/Input.tsx,9,39,95
TypeScript,src/components/golf/coachhelm/v3/QualifyingBoard/LeaderboardWithSlots.tsx,5,0,95
TypeScript,src/components/layout/mobile-bottom-nav.tsx,17,33,95
TypeScript,src/components/ui/segmented-control.tsx,8,36,95
TypeScript,src/lib/admin/metrics.ts,18,68,95
TypeScript,src/lib/coachhelm/v3/engine/hole-diagnosis.ts,12,79,95
TypeScript,src/test/coachhelm/v3/intent/loader.test.ts,24,20,95
TypeScript,src/test/golf/components/HeroInsightCard.test.tsx,7,7,95
JavaScript,scripts/__tests__/no-ios-ease-stats.test.mjs,25,55,94
JavaScript,scripts/__tests__/token-files-no-conflict.test.mjs,8,27,94
TypeScript,src/app/baseball/(public)/program/[id]/loading.tsx,5,0,94
TypeScript,src/app/baseball/actions/__tests__/auth-redirects-resolve.test.ts,15,37,94
TypeScript,src/app/baseball/actions/acknowledgements.ts,29,70,94
TypeScript,src/app/golf/(dashboard)/dashboard/coachhelm/chat/page.tsx,7,16,94
TypeScript,src/components/fairway/pages/coachhelm/signals/ScanTeamControl.tsx,7,34,94
TypeScript,src/hooks/golf/use-message-attachments.ts,13,14,94
TypeScript,src/lib/baseball/__tests__/player-access-enforcement.test.ts,13,34,94
TypeScript,src/lib/coachhelm/v3/composite/rules/bunker-miss-side-amplifier.ts,11,29,94
SQL,supabase/migrations_archive/v1_original/006_create_organizations.sql,11,13,94
SQL,supabase/migrations_archive/v1_original/044_restore_complete_rls_policies.sql,30,11,94
SQL,supabase/migrations_archive/v1_original/067_event_lifecycle_states.sql,20,24,94
SQL,supabase/tests/rls/baseball_strength_group_audit.sql,18,37,94
TypeScript,scripts/seed-demo-player.ts,13,26,93
TypeScript,src/app/api/cron/coachhelm-validation/route.ts,11,16,93
TypeScript,src/app/baseball/(player-dashboard)/player/passport/page.tsx,10,29,93
TypeScript,src/app/golf/actions/team-sg-baseline.ts,17,20,93
TypeScript,src/app/golf/actions/v3/intent.ts,15,17,93
TypeScript,src/components/baseball/announcements/UrgencyPicker.tsx,4,0,93
TypeScript,src/components/fairway/instrument/InstrumentPanel.tsx,9,54,93
TypeScript,src/components/golf/coachhelm/insights/FocusAreaCard.tsx,10,2,93
TypeScript,src/components/golf/coachhelm/round-review/RoundStripGrid.tsx,9,15,93
TypeScript,src/lib/coachhelm/v2/mining/__tests__/pattern-miner.supersede.test.ts,23,24,93
TypeScript,src/lib/coachhelm/v3/composite/rules/pressure-decel-chain.ts,9,33,93
TypeScript,src/lib/coachhelm/v3/effectiveness/event-ledger.test.ts,18,23,93
TypeScript,src/lib/notifications/insight-notifier.ts,10,41,93
SQL,supabase/migrations_archive/v1_original/068_attendance_tracking.sql,20,21,93
SQL,supabase/tests/rls/baseball_stat_visual_views.sql,15,36,93
JavaScript,scripts/__tests__/no-tranwarm-typo.test.mjs,10,12,92
TypeScript,src/app/(legal)/terms/page.tsx,10,0,92
TypeScript,src/app/api/cron/coachhelm-roster-sweep/route.ts,11,26,92
TypeScript,src/app/baseball/(player-dashboard)/player/today/page.tsx,17,79,92
TypeScript,src/app/baseball/actions/interests.ts,25,10,92
TypeScript,src/app/golf/admin/components/shared/AdminCard.tsx,7,4,92
TypeScript,src/components/fairway/instrument/InstrumentCluster.tsx,10,47,92
TypeScript,src/components/golf/coachhelm/v3/Genome/GenomeDimensionGrid.tsx,4,0,92
TypeScript,src/lib/admin/incident-resolver.ts,19,24,92
TypeScript,src/lib/coachhelm/baseball/loaders-events.test.ts,8,5,92
SQL,supabase/migrations/20260624000062_baseball_accept_staff_invite_rpc.sql,15,61,92
SQL,supabase/migrations_archive/pre_20260527/050_golf_performance_indexes.sql,41,138,92
SQL,supabase/migrations_archive/v1_original/071_fix_golf_conversation_creation.sql,7,19,92
SQL,supabase/tests/rls/baseball_signals_actions.sql,20,48,92
TypeScript,src/app/baseball/(dashboard)/dashboard/stats-center/loading.tsx,5,7,91
TypeScript,src/app/golf/admin/components/DailyCharts.tsx,8,2,91
TypeScript,src/components/fairway/app-shell/FairwayBottomNav.tsx,7,29,91
TypeScript,src/components/golf/stats/sections/types.ts,8,1,91
TypeScript,src/lib/auth/session-activity.ts,29,38,91
TypeScript,src/lib/coachhelm/v3/composite/synthesis-context-only.test.ts,13,22,91
TypeScript,src/lib/coachhelm/v3/llm/compose.test.ts,20,22,91
TypeScript,src/test/coachhelm/v3/hero-narrative.test.ts,7,17,91
SQL,supabase/migrations_archive/pre_20260527/021_golf_rounds.sql,9,11,91
SQL,supabase/migrations_archive/pre_20260527/20260525150000_v3_golf_goals_table.sql,24,45,91
SQL,supabase/tests/rls/baseball_recalc_body_guards.sql,21,22,91
SQL,supabase/tests/rls/baseball_timeline_event_acks.sql,17,46,91
SQL,supabase/tests/rls/golf_course_library.sql,12,37,91
SQL,scripts/backfill-archive-insufficient-sample-insights.sql,9,33,90
TypeScript,src/app/baseball/(dashboard)/dashboard/settings/recruiting-preferences/page.tsx,14,5,90
TypeScript,src/app/golf/actions/v3/team-practice-rx.ts,13,21,90
TypeScript,src/components/golf/recruiting/RecruitStatusChip.tsx,6,15,90
TypeScript,src/test/lib/coachhelm/v3/goals/suggestion-cron-routes.test.ts,12,6,90
SQL,supabase/migrations_archive/pre_20260527/20260207000000_golf_announcement_enhancements.sql,5,8,90
SQL,supabase/migrations_archive/pre_20260527/20260221120000_add_remaining_fk_indexes.sql,45,14,90
SQL,supabase/migrations_archive/v1_original/053_add_foreign_keys.sql,15,25,90
TypeScript,src/app/baseball/(dashboard)/dashboard/stats/games/[gameId]/page.tsx,16,3,89
TypeScript,src/components/baseball/calendar/__tests__/BaseballCalendarWrapper.rsvp-routing.test.tsx,15,28,89
TypeScript,src/components/products/baseball-mockups/CompareMockup.tsx,7,3,89
TypeScript,src/components/ui/button.test.tsx,18,2,89
TypeScript,src/components/ui/progress-ring.tsx,6,0,89
TypeScript,src/hooks/use-dashboard.ts,24,8,89
TypeScript,src/lib/coachhelm/v3/llm/hero-narrative.ts,13,23,89
SQL,supabase/migrations/20260606180000_standing_putt_band_binding_fix.sql,1,5,89
SQL,supabase/migrations/20260624000083_baseball_stat_visual_views.sql,13,37,89
SQL,supabase/migrations/20260624000450_baseball_ai_audit_log.sql,10,58,89
SQL,supabase/migrations_archive/pre_20260527/20260314200000_coachhelm_engine_v3.sql,5,6,89
SQL,supabase/migrations_archive/v1_original/059_fix_all_golf_rls.sql,26,19,89
JavaScript,scripts/__tests__/canonical-motion-tokens.test.mjs,17,55,88
TypeScript,src/app/baseball/(dashboard)/dashboard/players/[id]/passport/page.tsx,11,29,88
TypeScript,src/app/golf/admin/components/CohortRetentionMatrix.tsx,9,0,88
TypeScript,src/components/baseball/command-center/analytics/StatTypeFilter.tsx,10,9,88
TypeScript,src/components/fairway/charts/Numeric.tsx,10,45,88
TypeScript,src/components/ui/sparkline.tsx,20,8,88
TypeScript,src/lib/coachhelm/v3/composite/rules/doubles-after-bogey.ts,9,32,88
SQL,supabase/migrations/20260608140000_cache_penalty_from_golf_holes_canonical.sql,8,32,88
SQL,supabase/migrations/20260610170000_seed_lpga_standards.sql,18,84,88
JavaScript,scripts/__tests__/sweep-clean-app.test.mjs,12,38,87
JavaScript,scripts/knowledge/generate-context-pack.mjs,9,0,87
JavaScript,scripts/wf_p112_p410.js,11,6,87
TypeScript,src/app/api/cron/coachhelm-safety-net/route.ts,10,34,87
TypeScript,src/app/baseball/(dashboard)/dashboard/players/[id]/stats/loading.tsx,5,0,87
TypeScript,src/app/golf/admin/components/TeamHealthCards.tsx,10,0,87
TypeScript,src/components/fairway/pages/travel/travel-helpers.tsx,13,49,87
TypeScript,src/components/golf/onboarding/StepIndicator.tsx,11,2,87
TypeScript,src/components/layout/mobile-menu-button.tsx,8,24,87
TypeScript,src/lib/baseball/__tests__/player-access-action-gate.integration.test.ts,19,25,87
TypeScript,src/lib/baseball/read-models/__tests__/player-daily-contract.test.ts,12,14,87
TypeScript,src/lib/coachhelm/baseball/ranking.ts,20,60,87
TypeScript,src/app/api/cron/v3/genome-nightly/route.ts,12,17,86
TypeScript,src/app/golf/admin/crm/components/badges/EngagementBadge.tsx,11,21,86
TypeScript,src/components/fairway/controls/PlayerIdentity.tsx,11,52,86
TypeScript,src/lib/baseball/adapters/pdf-reader.ts,12,45,86
TypeScript,src/lib/baseball/daily-contract/__tests__/contract-day.test.ts,14,15,86
TypeScript,src/lib/baseball/player-record-access.ts,16,49,86
TypeScript,src/lib/coachhelm/v3/metrics/registry.ts,25,102,86
TypeScript,src/lib/golf/distance-units.ts,25,137,86
TypeScript,src/test/fairway/practice-rx-batch.test.tsx,17,16,86
SQL,supabase/migrations/20260624000030_baseball_staff_capabilities.sql,10,53,86
SQL,supabase/migrations/20260624000420_baseball_passport_scout_packet_share_tokens.sql,11,64,86
SQL,supabase/migrations_archive/pre_20260527/005_players.sql,14,18,86
JavaScript,scripts/__tests__/coachhelm-hub.test.mjs,15,32,85
TypeScript,scripts/db-health-check.ts,20,11,85
TypeScript,src/app/golf/actions/v3/practice-rx.ts,12,13,85
TypeScript,src/components/fairway/pages/coachhelm/useCoachChatSend.ts,14,67,85
TypeScript,src/components/ui/secondary-nav.tsx,8,45,85
TypeScript,src/hooks/useCalendarEvents.ts,13,5,85
TypeScript,src/lib/baseball/read-models/decision-room/games.ts,14,49,85
TypeScript,src/lib/coachhelm/v3/composite/rules/front-9-starter.ts,11,21,85
TypeScript,src/lib/coachhelm/v3/goals/evaluator.ts,16,72,85
TypeScript,src/lib/video/clipper.ts,13,19,85
SQL,supabase/migrations/20260624000500_baseball_import_raw_file_and_hash.sql,14,58,85
SQL,supabase/migrations_archive/pre_20260527/20260524190000_v3_rls_helpers.sql,14,42,85
SQL,supabase/tests/rls/baseball_ai_audit.sql,17,44,85
TypeScript,scripts/setup-admin.ts,21,9,84
TypeScript,src/app/api/baseball/staff/context/route.ts,13,51,84
TypeScript,src/app/api/log-error/route.ts,10,1,84
TypeScript,src/app/golf/actions/insight-celebration.ts,15,34,84
TypeScript,src/components/baseball/player-today/PlayerTimelineClient.tsx,10,35,84
TypeScript,src/components/fairway/pages/recruiting/FairwayRecruitCard.tsx,8,4,84
TypeScript,src/components/features/college-card.tsx,10,2,84
TypeScript,src/lib/baseball/lifting/__tests__/readiness-compute.test.ts,15,4,84
TypeScript,src/lib/coachhelm/v3/intent/loader.ts,12,30,84
TypeScript,src/test/golf/components/GoalCard.test.tsx,9,5,84
JavaScript,scripts/__tests__/no-arbitrary-text-px-app.test.mjs,10,50,83
TypeScript,src/app/baseball/(dashboard)/dashboard/documents/page.tsx,12,6,83
TypeScript,src/components/baseball/roster/roster-triage.ts,20,31,83
TypeScript,src/components/fairway/command/glass-surface.tsx,5,43,83
TypeScript,src/components/fairway/feedback/EmptyState.tsx,9,31,83
TypeScript,src/components/golf/qualifiers/QualifierLeaderboardRealtime.tsx,16,21,83
TypeScript,src/lib/coachhelm/v3/counterfactual/lookup-tables.ts,23,134,83
TypeScript,src/test/golf/actions/drills-visibility.test.ts,23,13,83
SQL,supabase/migrations_archive/v1_original/024_fix_golf_teams_rls.sql,15,27,83
TypeScript,src/app/baseball/(dashboard)/dashboard/stats/upload/page.tsx,12,5,82
TypeScript,src/app/golf/admin/components/NeedsAttention.tsx,9,0,82
TypeScript,src/app/golf/admin/crm/components/timeline/CoachTimeline.tsx,10,3,82
TypeScript,src/app/lifting/(dashboard)/dashboard/import/page.tsx,19,22,82
TypeScript,src/components/baseball/tasks/TasksList.tsx,8,0,82
TypeScript,src/components/fairway/pages/travel/FairwayTripCard.tsx,7,11,82
TypeScript,src/lib/coachhelm/v3/chat/types.ts,10,40,82
TypeScript,src/lib/coachhelm/v3/generators/__tests__/putt-bias.test.ts,10,2,82
TypeScript,src/lib/email/resend-client.ts,15,25,82
TypeScript,src/test/coachhelm/v3/genome-ui.test.ts,17,18,82
SQL,supabase/migrations/20260624001500_baseball_signup_creates_profile_row.sql,7,53,82
SQL,supabase/migrations_archive/pre_20260527/20260222120000_fix_head_coach_id_rls.sql,15,47,82
JavaScript,scripts/__tests__/error-boundary-coverage.test.mjs,11,25,81
TypeScript,src/app/baseball/actions/notifications.ts,27,56,81
TypeScript,src/app/golf/(dashboard)/dashboard/coachhelm/qualifying/[id]/loading.tsx,7,14,81
TypeScript,src/instrumentation.ts,14,16,81
TypeScript,src/lib/baseball/__tests__/dev-plan-progress.test.ts,9,16,81
TypeScript,src/lib/coachhelm/v3/composite/rules/closing-hole-fatigue.ts,11,10,81
TypeScript,src/lib/coachhelm/v3/themes/types.ts,13,135,81
TypeScript,src/test/coachhelm/v2/learning/cross-learner.test.ts,7,0,81
TypeScript,src/test/coachhelm/v3/notifications.test.ts,11,7,81
SQL,supabase/migrations/20260624000010_baseball_stat_uploads_reconcile.sql,15,64,81
JavaScript,scripts/send-coach-batch.mjs,9,12,80
TypeScript,src/app/baseball/(dashboard)/dashboard/stats-center/page.tsx,18,32,80
TypeScript,src/components/fairway/pages/coachhelm/FairwayPlayerStats.tsx,13,26,80
TypeScript,src/lib/coachhelm/v3/composite/rules/short-side-scrambling-chain.ts,10,27,80
TypeScript,src/test/coachhelm/v3/ingest.test.ts,9,6,80
TypeScript,src/test/golf/components/DrillAttachment.test.tsx,13,17,80
SQL,supabase/migrations/20260624000070_baseball_coach_insights_attribution.sql,15,58,80
SQL,supabase/migrations_archive/pre_20260527/20260213000000_fix_broken_coach_select_rls.sql,16,30,80
SQL,supabase/tests/rls/baseball_coach_insights_attribution.sql,17,46,80
SQL,supabase/tests/rls/baseball_passport_scout_packet_share_tokens.sql,11,26,80
TypeScript,src/components/golf/coachhelm/round-review/CompletionCard.tsx,8,0,79
TypeScript,src/components/golf/coachhelm/settings/ThresholdSlider.tsx,9,4,79
TypeScript,src/components/golf/roster/RosterPageClient.tsx,14,6,79
TypeScript,src/components/lifting/soreness/ReadyToGoButton.tsx,9,7,79
TypeScript,src/components/maps/CourseMap.tsx,16,46,79
TypeScript,src/components/ui/status-dot.tsx,9,5,79
TypeScript,src/hooks/use-unread-count.ts,13,9,79
TypeScript,src/lib/baseball/risk-feed-bridge.ts,17,105,79
TypeScript,src/lib/utils.ts,12,6,79
TypeScript,src/test/coachhelm/v2/insights/baseline-registry.test.ts,12,6,79
TypeScript,src/test/coachhelm/v3/intent/gate-posture.integration.test.ts,20,22,79
SQL,supabase/tests/rls/baseball_staff_audit_events.sql,16,35,79
SQL,supabase/tests/rls/rpc_grant_hardening.sql,18,21,79
JavaScript,scripts/populate-athletics-urls.mjs,20,11,78
TypeScript,src/app/baseball/(dashboard)/dashboard/messages/[id]/page.tsx,9,0,78
TypeScript,src/app/baseball/actions/__tests__/complete-player-onboarding.test.ts,14,15,78
TypeScript,src/app/golf/(dashboard)/dashboard/coachhelm/genome/[playerId]/loading.tsx,6,11,78
TypeScript,src/app/golf/admin/components/overview/NeedsAttentionSection.tsx,8,7,78
TypeScript,src/components/products/golf-mockups/QualifierMockup.tsx,5,0,78
TypeScript,src/lib/types/calendar.ts,13,6,78
TypeScript,src/test/coachhelm/v3/chat-message-list.test.tsx,9,9,78
TypeScript,src/test/setup.tsx,7,9,78
SQL,supabase/migrations_archive/pre_20260527/20260204200000_fix_golf_rls_infinite_recursion.sql,10,20,78
SQL,supabase/migrations_archive/pre_20260527/20260428000100_round_totals_trigger.sql,7,24,78
SQL,supabase/tests/rls/golf_metrics_attribute_parity.sql,10,19,78
JavaScript,scripts/__tests__/form-a11y.test.mjs,15,53,77
TypeScript,src/app/baseball/(dashboard)/dashboard/signals/page.tsx,13,18,77
TypeScript,src/app/baseball/actions/demo-access.ts,22,41,77
TypeScript,src/app/global-error.tsx,5,0,77
TypeScript,src/app/golf/admin/components/shared/EngagementScore.tsx,6,0,77
TypeScript,src/components/fairway/pages/dashboard/coach-signal.ts,8,37,77
TypeScript,src/contexts/sidebar-context.tsx,12,9,77
TypeScript,src/lib/baseball/__tests__/import-duplicate-verdict.test.ts,12,15,77
SQL,supabase/migrations/20260606170000_refresh_cache_calls_putt_make_pct.sql,6,5,77
SQL,supabase/tests/rls/baseball_decision_log.sql,17,38,77
TypeScript,scripts/diagnose-rls.ts,20,9,76
TypeScript,src/app/baseball/(player-dashboard)/player/timeline/page.tsx,9,41,76
TypeScript,src/app/golf/admin/crm/components/segments/SegmentBadge.tsx,4,2,76
TypeScript,src/components/fairway/surfaces/glass-surface.tsx,8,57,76
TypeScript,src/lib/coachhelm/v3/foundation/push.ts,11,49,76
SQL,supabase/migrations/20260624001600_baseball_replace_lineup_positions_rpc.sql,15,51,76
SQL,supabase/migrations_archive/pre_20260527/20260526040000_v3_golf_ingest_tables.sql,16,28,76
SQL,supabase/migrations_archive/v1_original/20260109000001_coach_team_video_uploads.sql,2,3,76
JavaScript,scripts/verify-emails.mjs,17,11,75
TypeScript,src/app/baseball/(dashboard)/dashboard/players/[id]/scout-packet/preview/loading.tsx,6,4,75
TypeScript,src/app/lifting/(dashboard)/dashboard/settings/page.tsx,14,7,75
TypeScript,src/components/fairway/pages/coachhelm/areaTypes.test.ts,9,3,75
TypeScript,src/components/features/video-player.tsx,10,0,75
TypeScript,src/lib/coachhelm/v3/composite/rules/long-approach-3putt-cascade.ts,8,19,75
TypeScript,src/lib/coachhelm/v3/composite/types.ts,10,55,75
SQL,supabase/migrations/20260624000430_baseball_timeline_event_acks.sql,11,45,75
JavaScript,scripts/__tests__/check-migration-versions.test.mjs,7,0,74
TypeScript,src/app/actions/demo-request.ts,13,13,74
TypeScript,src/app/golf/(dashboard)/dashboard/documents/loading.tsx,6,9,74
TypeScript,src/app/golf/(dashboard)/dashboard/tasks/loading.tsx,7,9,74
TypeScript,src/components/baseball/team/CollegeInterestTracker.tsx,4,0,74
TypeScript,src/components/products/baseball-mockups/PipelineMiniMockup.tsx,6,0,74
TypeScript,src/hooks/golf/use-distance-units.ts,19,35,74
TypeScript,src/test/coachhelm/v3/chat-push.test.ts,11,5,74
TypeScript,src/test/coachhelm/v3/counterfactual-cohort.test.ts,4,11,74
TypeScript,src/test/golf/components/FairwayCoursePicker.test.tsx,12,16,74
SQL,supabase/migrations_archive/pre_20260527/044_fix_messaging_rls.sql,15,41,74
TypeScript,src/app/golf/admin/components/ActivityDot.tsx,10,0,73
TypeScript,src/app/lifting/(dashboard)/dashboard/lift/[sessionId]/loading.tsx,6,10,73
TypeScript,src/components/baseball/player-profile/snapshot-cards/SnapshotCardGrid.tsx,9,28,73
TypeScript,src/components/fairway/charts/InstrumentTable.tsx,5,25,73
TypeScript,src/hooks/use-teams.ts,15,11,73
TypeScript,src/lib/baseball/read-models/decision-room/lift.ts,16,42,73
TypeScript,src/lib/rate-limit.ts,17,44,73
SQL,supabase/migrations/20260624000095_baseball_team_and_season_settings.sql,19,81,73
SQL,supabase/migrations_archive/pre_20260527/048_golf_classes_schema_update.sql,9,19,73
SQL,supabase/migrations_archive/pre_20260527/20260209100000_add_admin_read_bypass_rls.sql,22,4,73
SQL,supabase/migrations_archive/pre_20260527/20260428T2_crm_notes.sql,10,19,73
SQL,supabase/migrations_archive/v1_original/20260105000001_create_round_reviews.sql,26,36,73
JavaScript,scripts/import-coaches.mjs,19,9,72
JavaScript,scripts/migrate-crm-statuses.mjs,19,23,72
TypeScript,scripts/run-pattern-miner-for-team.ts,14,27,72
JavaScript,scripts/verify-coach-emails.mjs,12,23,72
TypeScript,src/components/baseball/tasks/ReminderBadge.tsx,10,3,72
TypeScript,src/components/fairway/pages/coachhelm/plan-markdown.test.ts,7,1,72
TypeScript,src/lib/coachhelm/v2/feedback/insight-scorer.ts,23,39,72
TypeScript,src/lib/crm/personalize.ts,12,2,72
TypeScript,src/test/lib/utils/transient-error.test.ts,17,12,72
SQL,supabase/migrations_archive/pre_20260527/023_golf_events.sql,10,10,72
SQL,supabase/migrations_archive/pre_20260527/20260428200000_get_db_telemetry.sql,10,28,72
SQL,supabase/tests/rls/baseball_program_identity.sql,13,39,72
TypeScript,src/app/baseball/(public)/packet/[token]/loading.tsx,6,5,71
TypeScript,src/app/baseball/actions/philosophy.ts,15,5,71
TypeScript,src/app/baseball/staff/join/[code]/staff-join-client.tsx,8,11,71
TypeScript,src/app/golf/(dashboard)/dashboard/my-qualifiers/loading.tsx,8,16,71
TypeScript,src/app/golf/(dashboard)/dashboard/players/[playerId]/game/sections/PuttingSection.tsx,6,7,71
TypeScript,src/app/golf/(dashboard)/dashboard/players/[playerId]/game/sections/ScoringSection.tsx,6,8,71
TypeScript,src/app/golf/actions/__tests__/access-code.test.ts,17,13,71
TypeScript,src/app/golf/admin/components/tracer/PlayerQualityScoreCard.tsx,8,0,71
TypeScript,src/components/fairway/pages/player-game/FairwayGolfClassesSkeleton.tsx,8,23,71
TypeScript,src/instrumentation-client.ts,12,48,71
TypeScript,src/test/coachhelm/v3/composite-strokes-backfill.test.ts,10,12,71
SQL,supabase/migrations_archive/pre_20260527/012_developmental_plans.sql,7,11,71
SQL,supabase/migrations_archive/v1_original/027_golf_courses_schema.sql,37,42,71
TypeScript,src/app/golf/(dashboard)/dashboard/my-development/loading.tsx,6,11,70
TypeScript,src/app/golf/(dashboard)/dashboard/players/[playerId]/game/loading.tsx,5,10,70
TypeScript,src/app/golf/actions/__tests__/team-category-insights-helpers.test.ts,16,17,70
TypeScript,src/components/baseball/source-trust/source-trust-types.ts,9,105,70
TypeScript,src/components/golf/calendar/StatusBadge.tsx,9,19,70
SQL,supabase/migrations/20260609090000_cache_putt_band_attempts_and_lifetime_span.sql,5,19,70
SQL,supabase/migrations_archive/pre_20260527/20260428T3_crm_tasks.sql,9,13,70
JavaScript,scripts/check-migration-versions.mjs,15,55,69
TypeScript,src/app/baseball/(dashboard)/dashboard/videos/page.tsx,9,18,69
TypeScript,src/app/golf/(dashboard)/dashboard/my-game-profile/loading.tsx,6,11,69
TypeScript,src/components/fairway/cards-insight/themes/ThemesPanel.tsx,12,41,69
TypeScript,src/components/landing/login-transition.tsx,9,20,69
TypeScript,src/hooks/use-focus-trap.ts,15,17,69
TypeScript,src/lib/baseball/read-models/__tests__/player-snapshot-cards.test.ts,13,10,69
TypeScript,src/lib/db-error.ts,12,23,69
TypeScript,src/lib/fairway/use-scroll-fade.ts,17,35,69
TypeScript,src/test/coachhelm/v2/feedback/coach-behavior.test.ts,7,1,69
TypeScript,src/test/coachhelm/v2/post-round-trigger.test.ts,17,6,69
SQL,supabase/tests/rls/wave_a_db_security.sql,19,25,69
JavaScript,scripts/__tests__/chartshell-exists.test.mjs,9,23,68
JavaScript,scripts/__tests__/check-required-env.test.mjs,6,0,68
TypeScript,scripts/check-rls.ts,14,11,68
TypeScript,src/app/lifting/(dashboard)/dashboard/groups/page.tsx,16,6,68
TypeScript,src/components/fairway/controls/filter-pill.tsx,5,19,68
TypeScript,src/components/fairway/controls/selectable-pill.test.tsx,13,3,68
TypeScript,src/components/fairway/pages/roster/FairwayRosterSkeleton.tsx,8,26,68
TypeScript,src/components/golf/courses/CourseImage.tsx,8,28,68
TypeScript,src/components/landing/Navigation.tsx,6,0,68
TypeScript,src/lib/baseball/__tests__/engine-run-maturity.test.ts,8,14,68
TypeScript,src/lib/lifting/resolve-baseball-context.ts,21,41,68
SQL,supabase/migrations_archive/pre_20260527/20260511220000_calendar_feeds_and_error_logs_rls_hardening.sql,11,5,68
SQL,supabase/migrations_archive/v1_original/002_seed.sql,3,4,68
TypeScript,src/app/baseball/(dashboard)/dashboard/discover/error.tsx,6,0,67
TypeScript,src/app/baseball/(dashboard)/dashboard/messages/error.tsx,6,0,67
TypeScript,src/app/baseball/(dashboard)/dashboard/players/[id]/error.tsx,6,0,67
TypeScript,src/app/golf/(dashboard)/dashboard/announcements/loading.tsx,4,9,67
TypeScript,src/app/lifting/(dashboard)/dashboard/lift/loading.tsx,5,10,67
TypeScript,src/components/baseball/box-score/GameBoxScoreToggle.tsx,9,9,67
TypeScript,src/components/fairway/charts/theme.ts,19,59,67
TypeScript,src/components/fairway/data-table/data-table-skeleton.tsx,5,23,67
TypeScript,src/lib/baseball/player-access-policy.ts,8,39,67
TypeScript,src/lib/coachhelm/v3/composite/rules/short-approach-proximity-gap.ts,8,15,67
TypeScript,src/lib/coachhelm/v3/notifications/router.ts,11,19,67
TypeScript,src/lib/lifting/access.ts,17,33,67
TypeScript,src/test/coachhelm/v3/recap.test.ts,10,7,67
SQL,supabase/migrations/20260621041824_harden_get_golf_conversations_rpc.sql,2,12,67
SQL,supabase/migrations_archive/pre_20260527/025_golf_communication.sql,13,12,67
SQL,supabase/migrations_archive/pre_20260527/20260209000000_baseball_dashboard_wiring_fixes.sql,17,40,67
SQL,supabase/migrations_archive/pre_20260527/20260424015417_admin_event_summary_no_cte.sql,1,9,67
JavaScript,scripts/__tests__/admin-tables-mobile.test.mjs,13,33,66
TypeScript,src/app/golf/(dashboard)/dashboard/coachhelm/qualifying/[id]/page.tsx,7,8,66
TypeScript,src/components/fairway/pages/tasks/FairwayTasks.logic.test.ts,11,11,66
TypeScript,src/components/golf/coachhelm/v3/Chat/ChatComposer.tsx,8,14,66
TypeScript,src/components/ui/chart-tooltip.tsx,8,34,66
TypeScript,src/lib/baseball/__tests__/file-fingerprint.test.ts,11,11,66
TypeScript,src/lib/coachhelm/v2/prediction/__tests__/performance-predictor.quality.test.ts,6,0,66
TypeScript,src/lib/coachhelm/v3/composite/rules/flyer-lie-over-the-green.ts,9,32,66
TypeScript,src/lib/coachhelm/v3/themes/trend.ts,18,93,66
SQL,supabase/migrations_archive/pre_20260527/011_player_features.sql,11,13,66
JavaScript,scripts/__tests__/no-stale-cream-hardcodes.test.mjs,10,38,65
JavaScript,scripts/__tests__/review-gate-rules.test.mjs,12,22,65
TypeScript,src/app/api/account/delete/route.ts,12,3,65
TypeScript,src/app/baseball/(dashboard)/dashboard/videos/[id]/video-detail-client.tsx,7,2,65
TypeScript,src/app/baseball/(public)/player/[id]/loading.tsx,6,4,65
TypeScript,src/app/golf/admin/components/overview/StatusBar.tsx,12,1,65
TypeScript,src/components/golf/putt-miss-tag-selector.tsx,7,2,65
TypeScript,src/hooks/use-route-protection.ts,17,51,65
TypeScript,src/lib/crm/__tests__/merge-tags.test.ts,12,6,65
TypeScript,src/lib/types/messages.ts,11,9,65
TypeScript,src/test/api/log-error.test.ts,13,0,65
SQL,supabase/migrations_archive/pre_20260527/20260517000000_fix_critical_rls_policies.sql,14,52,65
SQL,supabase/migrations_archive/v1_original/049_golf_shots_rls_policy.sql,6,7,65
TypeScript,src/app/baseball/(dashboard)/dashboard/dev-plan/loading.tsx,3,0,64
TypeScript,src/app/baseball/(dashboard)/dashboard/dev-plans/[id]/loading.tsx,2,0,64
TypeScript,src/app/baseball/(dashboard)/dashboard/players/[id]/stats/error.tsx,7,0,64
TypeScript,src/app/golf/admin/components/tracer/TracerKPICards.tsx,4,12,64
TypeScript,src/components/golf/tasks/TasksList.tsx,6,2,64
TypeScript,src/lib/baseball/__tests__/passport-fields.test.ts,10,23,64
TypeScript,src/lib/baseball/read-models/decision-room/insights.ts,13,61,64
TypeScript,src/lib/coachhelm/v3/stats/proportion-test.ts,9,27,64
TypeScript,src/lib/types/baseball-program-identity.ts,11,53,64
SQL,supabase/migrations_archive/pre_20260527/20260428220000_platform_health_largest_tables.sql,1,9,64
TypeScript,src/app/golf/actions/player-fingerprint-types.ts,8,16,63
TypeScript,src/app/lifting/(dashboard)/dashboard/today/loading.tsx,4,6,63
TypeScript,src/components/fairway/pages/calendar/FairwayCalendarSkeleton.tsx,7,19,63
TypeScript,src/components/features/pipeline-column.tsx,5,1,63
TypeScript,src/components/golf/coachhelm/settings/SensitivitySlider.tsx,8,1,63
TypeScript,src/lib/coachhelm/v2/trends/regression-to-mean.ts,20,51,63
SQL,supabase/migrations_archive/pre_20260527/026_golf_tasks.sql,7,10,63
SQL,supabase/migrations_archive/pre_20260527/20260429T3_crm_replies.sql,9,25,63
JavaScript,scripts/__tests__/drawers-mobile.test.mjs,13,32,62
TypeScript,src/app/golf/(dashboard)/dashboard/hub/loading.tsx,3,0,62
TypeScript,src/app/lifting/(dashboard)/dashboard/check-ins/page.tsx,13,17,62
TypeScript,src/components/golf/coachhelm/insights/PlayerFocusAreas.tsx,12,0,62
TypeScript,src/components/golf/layout/AnimatedPage.tsx,11,40,62
TypeScript,src/hooks/golf/use-undo-manager.ts,10,3,62
TypeScript,src/lib/utils/capacitor.ts,7,36,62
TypeScript,src/test/cache/cache-tag-discipline.test.ts,7,14,62
TypeScript,src/test/coachhelm/v3/metrics-seed-reproducible.test.ts,13,24,62
SQL,supabase/tests/rls/v3_goal_suggestions_no_authenticated_insert.sql,8,15,62
TypeScript,src/app/error.tsx,5,1,61
TypeScript,src/app/lifting/(dashboard)/dashboard/programs/page.tsx,17,7,61
TypeScript,src/components/fairway/pages/rounds-tracking/FairwayPenaltyModal.tsx,5,10,61
TypeScript,src/components/lifting/shell/SportTabBar.tsx,7,6,61
TypeScript,src/components/ui/chart-legend.tsx,10,42,61
TypeScript,src/components/ui/tooltip.tsx,7,17,61
TypeScript,src/lib/baseball/dev-plan-progress.ts,11,33,61
SQL,supabase/migrations_archive/pre_20260527/20260428T4_crm_segments.sql,9,14,61
SQL,supabase/migrations_archive/v1_original/058_nuclear_rls_fix.sql,8,9,61
TypeScript,src/app/api/crm/unsubscribe/route.ts,6,16,60
TypeScript,src/app/baseball/(dashboard)/dashboard/settings/privacy/page.tsx,8,7,60
TypeScript,src/app/golf/(dashboard)/dashboard/rounds/loading.tsx,5,8,60
TypeScript,src/app/golf/admin/crm/components/badges/EngagementSparkline.tsx,6,7,60
TypeScript,src/components/fairway/controls/status-pill.tsx,6,15,60
TypeScript,src/components/golf/coachhelm/round-review/GoalImpactCard.tsx,7,0,60
TypeScript,src/lib/offline/partial-save-beacon.test.ts,13,16,60
SQL,supabase/migrations/20260625000060_baseball_anon_revoke_wave2.sql,4,38,60
TypeScript,src/app/baseball/(dashboard)/dashboard/analytics/loading.tsx,4,0,59
TypeScript,src/app/lifting/(dashboard)/dashboard/sessions/page.tsx,16,6,59
TypeScript,src/components/fairway/command/icons.tsx,9,19,59
TypeScript,src/components/fairway/forms/FormSection.tsx,5,21,59
TypeScript,src/hooks/golf/use-calendar-keyboard.ts,8,16,59
TypeScript,src/hooks/use-baseball-nav-context.ts,13,49,59
TypeScript,src/lib/coachhelm/v3/engine/diagnosis.ts,6,60,59
TypeScript,src/lib/coachhelm/v3/qualifying/state-machine.ts,7,33,59
TypeScript,src/lib/types/baseball-ai-audit.ts,5,13,59
TypeScript,src/test/coachhelm/v2/orchestrator-thresholds.test.ts,7,1,59
SQL,supabase/migrations_archive/pre_20260527/006_teams.sql,6,11,59
SQL,supabase/migrations_archive/pre_20260527/029_golf_academics.sql,5,9,59
SQL,supabase/migrations_archive/pre_20260527/20260204235000_fix_golf_rls_recursion_final.sql,9,21,59
JavaScript,scripts/__tests__/loading-error-pair-coverage.test.mjs,11,20,58
TypeScript,scripts/backfill-insight-effectiveness.ts,7,22,58
JavaScript,scripts/run-crm-migration.mjs,17,8,58
TypeScript,src/app/api/cron/v3/genome-backfill/route.ts,9,9,58
TypeScript,src/app/baseball/(dashboard)/dashboard/activate/loading.tsx,5,3,58
TypeScript,src/app/baseball/(dashboard)/dashboard/camps/loading.tsx,2,0,58
TypeScript,src/app/baseball/(dashboard)/dashboard/dev-plans/loading.tsx,5,0,58
TypeScript,src/app/baseball/(dashboard)/dashboard/performance/builder/page.tsx,14,33,58
TypeScript,src/app/golf/actions/coach-notifications.ts,11,16,58
TypeScript,src/app/golf/admin/components/overview/DeepDiveAccordion.tsx,5,0,58
TypeScript,src/components/baseball/settings/BaseballProgramBrand.tsx,13,36,58
TypeScript,src/components/fairway/controls/selectable-pill.tsx,5,34,58
TypeScript,src/components/fairway/feedback/tone.tsx,5,30,58
TypeScript,src/components/fairway/pages/roster/roster-helpers.ts,9,83,58
TypeScript,src/components/golf/coachhelm/v3/IntentPill/index.tsx,10,21,58
TypeScript,src/components/products/baseball-mockups/DiscoveryMockup.tsx,5,3,58
TypeScript,src/lib/baseball/passport-fields.ts,9,69,58
TypeScript,src/lib/coachhelm/shared/base-generator.ts,11,79,58
TypeScript,src/lib/coachhelm/v3/foundation/email.ts,9,32,58
TypeScript,src/lib/coachhelm/v3/genome/types.ts,9,43,58
TypeScript,src/lib/coachhelm/v3/goals/types.ts,19,7,58
SQL,supabase/migrations/20260624000460_baseball_import_registry_load_bearing.sql,15,57,58
SQL,supabase/migrations_archive/pre_20260527/20260304000000_create_crm_email_tracking.sql,13,13,58
TypeScript,src/app/baseball/(dashboard)/dashboard/college-interest/loading.tsx,3,0,57
TypeScript,src/app/baseball/(dashboard)/dashboard/decision-room/loading.tsx,6,4,57
TypeScript,src/app/baseball/(dashboard)/dashboard/stats/season/loading.tsx,4,5,57
TypeScript,src/app/baseball/actions/roles-permissions.ts,10,21,57
TypeScript,src/app/golf/(dashboard)/dashboard/qualifiers/new/page.tsx,10,0,57
TypeScript,src/components/fairway/pages/rounds-tracking/FairwayShotPills.tsx,5,15,57
TypeScript,src/components/ui/popover.tsx,6,15,57
TypeScript,src/lib/calendar/premium-utils.ts,9,28,57
TypeScript,src/lib/coachhelm/v2/shot-analysis/format.ts,8,23,57
TypeScript,src/lib/coachhelm/v3/goals/loader.ts,5,27,57
TypeScript,src/test/coachhelm/v3/diagnosis.test.ts,9,9,57
TypeScript,src/test/lib/server-error-logger.test.ts,12,10,57
SQL,supabase/migrations/20260621160000_insight_event_ledger.sql,5,8,57
SQL,supabase/migrations_archive/pre_20260527/069_push_subscriptions.sql,14,23,57
SQL,supabase/migrations_archive/pre_20260527/20260511200000_golf_messages_rls_and_attachment_rpc_hardening.sql,7,15,57
JavaScript,scripts/__tests__/breadcrumb-nav.test.mjs,13,28,56
TypeScript,src/app/baseball/(dashboard)/dashboard/comparisons/page.tsx,5,0,56
TypeScript,src/app/baseball/(dashboard)/dashboard/videos/[id]/edit/page.tsx,10,3,56
TypeScript,src/app/golf/actions/crm-manual-send.ts,11,31,56
TypeScript,src/components/baseball/ui/EvidencePill.tsx,9,15,56
TypeScript,src/components/fairway/charts/useCanvasLayer.ts,11,20,56
TypeScript,src/components/golf/coachhelm/v3/HoleShotPath/types.ts,6,43,56
TypeScript,src/components/golf/layout/GolfSidebar.test.tsx,9,0,56
TypeScript,src/hooks/use-player-teams.ts,10,6,56
TypeScript,src/lib/coachhelm/v3/foundation/flags.ts,9,54,56
TypeScript,src/lib/datadog/index.ts,10,6,56
TypeScript,src/lib/golf/__tests__/sg-baseline-options.test.ts,9,11,56
TypeScript,src/test/coachhelm/v3/practice-rx.test.ts,8,8,56
TypeScript,src/test/lib/auth/rate-limit.test.ts,14,14,56
SQL,supabase/migrations/20260606140000_fix_sg_expected_strokes_baseline_calibration.sql,11,39,56
SQL,supabase/migrations_archive/v1_original/018_create_player_comparisons.sql,13,9,56
SQL,supabase/migrations_archive/v1_original/078_drop_all_conversation_policies.sql,7,13,56
TypeScript,scripts/check-policies.ts,15,8,55
TypeScript,src/app/baseball/(dashboard)/dashboard/messages/[id]/loading.tsx,3,0,55
TypeScript,src/app/baseball/(dashboard)/dashboard/settings/program/loading.tsx,4,0,55
TypeScript,src/app/baseball/(dashboard)/dashboard/stats/season/page.tsx,11,1,55
TypeScript,src/app/baseball/(onboarding)/coach-onboarding/animations/variants.ts,9,1,55
TypeScript,src/components/baseball/command-center/analytics/TimeRangeFilter.tsx,9,9,55
TypeScript,src/components/baseball/dashboard/dashboard-types.ts,6,0,55
TypeScript,src/components/golf/coachhelm/insight-card/MovementPill.tsx,7,20,55
SQL,supabase/migrations_archive/pre_20260527/20260422100000_insight_evidence_lifecycle.sql,18,21,55
JavaScript,scripts/insert-founding10-plain-template.mjs,12,15,54
TypeScript,src/app/golf/(dashboard)/dashboard/players/[playerId]/game/sections/TeeSection.tsx,7,13,54
TypeScript,src/components/lifting/soreness/severity-colors.ts,7,15,54
TypeScript,src/hooks/use-local-storage.ts,13,6,54
TypeScript,src/lib/baseball/lifting/group-audit-writer.ts,5,23,54
TypeScript,src/lib/coachhelm/v2/insights/standing-injection.ts,5,36,54
TypeScript,src/lib/golf/__tests__/stat-formulas.test.ts,6,4,54
TypeScript,src/proxy.ts,9,38,54
TypeScript,src/stores/auth-store.ts,5,5,54
TypeScript,src/test/coachhelm/v3/counterfactual-attempt-rate.test.ts,4,0,54
SQL,supabase/migrations/20260528041553_fix_coachhelm_settings_preferences_and_insight_types.sql,6,24,54
SQL,supabase/migrations_archive/pre_20260527/20260526060000_v3_seed_drill_metric_tags.sql,14,34,54
SQL,supabase/seed/v3-seed.sql,8,55,54
TypeScript,src/app/baseball/(dashboard)/dashboard/performance/live/page.tsx,10,21,53
TypeScript,src/app/baseball/(dashboard)/dashboard/postgame/page.tsx,11,23,53
TypeScript,src/components/fairway/pages/coachhelm/CoachHelmSubNav.test.tsx,13,11,53
TypeScript,src/components/ui/textarea.tsx,3,4,53
TypeScript,src/lib/recruiting/stages.ts,3,2,53
SQL,supabase/migrations_archive/pre_20260527/068_notification_preferences_column.sql,12,23,53
SQL,supabase/migrations_archive/pre_20260527/20260429100000_calendar_recruiting_hardening.sql,5,25,53
TypeScript,src/app/baseball/(dashboard)/dashboard/camps/[id]/loading.tsx,3,0,52
TypeScript,src/app/baseball/(dashboard)/dashboard/players/[id]/scout-packet/loading.tsx,7,4,52
TypeScript,src/app/baseball/(dashboard)/dashboard/profile/ProfilePageClient.tsx,7,1,52
TypeScript,src/app/baseball/(dashboard)/dashboard/profile/page.tsx,7,1,52
TypeScript,src/app/baseball/(dashboard)/dashboard/scout-packets/page.tsx,9,14,52
TypeScript,src/app/baseball/(dashboard)/dashboard/stats/games/new/loading.tsx,2,3,52
TypeScript,src/app/golf/(dashboard)/dashboard/qualifiers/[id]/loading.tsx,5,0,52
TypeScript,src/app/golf/(dashboard)/dashboard/recruiting/loading.tsx,5,12,52
TypeScript,src/components/ui/shimmer.tsx,6,32,52
TypeScript,src/hooks/use-sequenced-navigation.ts,9,23,52
TypeScript,src/lib/baseball/import-raw-file-storage.ts,6,35,52
TypeScript,src/lib/coachhelm/v3/themes/sanitize-prose.test.ts,9,8,52
TypeScript,src/test/coachhelm/v3/player-cohort-loader.test.ts,9,3,52
JavaScript,scripts/update-coach-first-touch-template.mjs,13,9,51
TypeScript,src/app/api/coachhelm/v3/genome/compute/route.ts,6,10,51
TypeScript,src/app/golf/(dashboard)/dashboard/players/[playerId]/game/sections/ApproachSection.tsx,6,8,51
TypeScript,src/app/golf/(dashboard)/dashboard/stats/team/team-stats-table.test.ts,6,3,51
TypeScript,src/app/golf/admin/components/DataExportButton.tsx,6,1,51
TypeScript,src/app/golf/admin/crm/components/timeline/timeline-config.ts,4,15,51
TypeScript,src/components/fairway/forms/styles.ts,15,58,51
TypeScript,src/hooks/useAnalyticsTracking.ts,10,7,51
SQL,supabase/migrations/20260624000310_baseball_decision_log.sql,10,60,51
SQL,supabase/migrations_archive/pre_20260527/022_golf_courses.sql,9,11,51
SQL,supabase/migrations_archive/pre_20260527/20260428210000_get_shot_data_quality.sql,7,28,51
SQL,supabase/migrations_archive/v1_original/20260104000006_force_fix_conversations_insert.sql,9,11,51
JavaScript,scripts/__tests__/no-arbitrary-text-px-fairway-pages.test.mjs,8,29,50
JavaScript,scripts/apply-crm-migration.mjs,12,11,50
TypeScript,src/app/lifting/(dashboard)/dashboard/athletes/page.tsx,17,20,50
TypeScript,src/components/products/golf-mockups/StatsMockup.tsx,4,3,50
TypeScript,src/lib/coachhelm/v2/features/index.ts,6,14,50
SQL,supabase/migrations_archive/pre_20260527/20260428T1_crm_email_suppressions.sql,8,14,50
SQL,supabase/migrations_archive/pre_20260527/20260523000000_p1_followups.sql,12,45,50
SQL,supabase/migrations_archive/pre_20260527/20260525210100_v3_golf_qualifier_selections_table.sql,7,22,50
TypeScript,scripts/resend-coach-broadcast.ts,7,22,49
TypeScript,src/app/baseball/(dashboard)/dashboard/calendar/loading.tsx,2,0,49
TypeScript,src/app/baseball/(dashboard)/dashboard/players/[id]/loading.tsx,5,4,49
TypeScript,src/app/baseball/(dashboard)/dashboard/stats/upload/loading.tsx,3,0,49
TypeScript,src/app/baseball/(dashboard)/dashboard/watchlist/loading.tsx,3,0,49
TypeScript,src/app/golf/(dashboard)/dashboard/players/[playerId]/game/page.tsx,9,21,49
TypeScript,src/app/golf/(dashboard)/dashboard/recruiting/page.tsx,6,5,49
TypeScript,src/components/providers/CapacitorProvider.tsx,9,11,49
TypeScript,src/lib/baseball/ai-policy-server.ts,9,38,49
TypeScript,src/lib/baseball/nav-context.ts,7,88,49
TypeScript,src/lib/calendar/recurrence.ts,14,10,49
TypeScript,src/lib/coachhelm/v3/qualifying/travel-brief.ts,9,7,49
TypeScript,src/stores/team-store.ts,4,1,49
TypeScript,src/types/ai-shim.d.ts,3,25,49
SQL,supabase/migrations/20260617000100_crm_engagement_invert_clicks.sql,5,31,49
SQL,supabase/migrations_archive/pre_20260527/20260120215905_fix_golf_conversations_rls.sql,10,37,49
SQL,supabase/migrations_archive/v1_original/20260104000009_create_coach_philosophy.sql,13,13,49
JavaScript,supabase/scripts/check-current-policies.mjs,14,3,49
JavaScript,scripts/gen-appstore-screenshots.mjs,9,12,48
JavaScript,scripts/knowledge/check-doc-coverage.mjs,6,0,48
JavaScript,scripts/knowledge/stale-doc-check.mjs,5,0,48
TypeScript,src/app/api/cron/v3/goal-suggestions-write/route.ts,5,16,48
TypeScript,src/app/golf/(dashboard)/dashboard/stats/loading.tsx,5,17,48
TypeScript,src/app/lifting/join/[token]/join-client.tsx,10,15,48
TypeScript,src/components/golf/KeyboardShortcutHint.tsx,8,3,48
TypeScript,src/lib/baseball/read-models/decision-room/effectiveness.ts,8,36,48
TypeScript,src/test/golf/components/IntentPill.test.tsx,6,2,48
SQL,supabase/migrations/20260606160000_putt_make_pct_by_distance_writer.sql,2,10,48
SQL,supabase/migrations_archive/pre_20260527/20260524210000_v3_golf_player_standing_table.sql,17,34,48
SQL,supabase/migrations_archive/v1_original/020_fix_coaches_players_rls.sql,21,27,48
SQL,supabase/migrations_archive/v1_original/022_fix_team_staff_infinite_recursion.sql,6,11,48
SQL,supabase/tests/rls/_helpers.sql,7,14,48
JavaScript,scripts/insert-college-programs-template.mjs,7,6,47
JavaScript,scripts/wf_p34_1.js,7,3,47
JavaScript,scripts/wf_p34_2.js,7,3,47
JavaScript,scripts/wf_p34_3.js,7,3,47
JavaScript,scripts/wf_p34_4.js,7,3,47
JavaScript,scripts/wf_p34_5.js,7,3,47
JavaScript,scripts/wf_p34_6.js,7,3,47
JavaScript,scripts/wf_p34b_1.js,7,3,47
JavaScript,scripts/wf_p34b_2.js,7,3,47
JavaScript,scripts/wf_p34b_3.js,7,3,47
TypeScript,src/components/fairway/pages/coachhelm/plan-markdown.ts,9,16,47
TypeScript,src/components/fairway/pages/rounds/FairwayUnsyncedRoundBanner.test.ts,7,11,47
TypeScript,src/lib/crm/spam-score.ts,12,19,47
TypeScript,src/lib/notifications/types.ts,4,11,47
TypeScript,src/lib/utils/timezone.ts,4,7,47
TypeScript,src/test/coachhelm/v2/insights/calc-confidence.test.ts,9,13,47
TypeScript,src/test/coachhelm/v2/mining/stats-insight-generator.test.ts,4,0,47
SQL,supabase/migrations/20260606200000_converge_legacy_round_sg.sql,2,10,47
SQL,supabase/migrations_archive/v1_original/061_disable_golf_rls.sql,10,11,47
JavaScript,scripts/export-coach-prospects.mjs,7,7,46
JavaScript,scripts/fairway-authed-shots.mjs,0,3,46
JavaScript,scripts/fairway-shots.mjs,6,9,46
JavaScript,scripts/test-send-college-template.mjs,9,10,46
TypeScript,src/app/baseball/(dashboard)/dashboard/settings/staff/loading.tsx,3,2,46
TypeScript,src/app/golf/(dashboard)/dashboard/analytics/coachhelm/loading.tsx,4,0,46
TypeScript,src/app/golf/actions/team-switcher.ts,15,57,46
TypeScript,src/app/golf/admin/components/shared/CrossTabLink.tsx,4,0,46
TypeScript,src/app/lifting/(dashboard)/dashboard/import/loading.tsx,3,6,46
TypeScript,src/components/baseball/passport/ScoutPacketCsvButton.tsx,7,16,46
TypeScript,src/components/features/stat-card.tsx,4,0,46
TypeScript,src/components/golf/coachhelm/settings/AlertTypeToggles.tsx,3,0,46
TypeScript,src/components/golf/coachhelm/v3/QualifyingBoard/index.tsx,5,8,46
TypeScript,src/lib/baseball/__tests__/motion.test.ts,10,0,46
TypeScript,src/lib/coachhelm/v2/stats/percentiles.ts,13,37,46
TypeScript,src/lib/golf/__tests__/course-image-assets.test.ts,6,2,46
SQL,supabase/migrations/20260612120000_team_toggle_data_model.sql,8,27,46
SQL,supabase/migrations/20260612130000_team_toggle_rls_staff_scope.sql,4,20,46
SQL,supabase/migrations/20260624000060_baseball_practices.sql,6,51,46
SQL,supabase/migrations_archive/pre_20260527/003_organizations.sql,5,9,46
SQL,supabase/migrations_archive/pre_20260527/20260429000000_golf_event_documents.sql,6,14,46
TypeScript,src/components/baseball/program/ProgramTabs.tsx,8,0,45
TypeScript,src/components/golf/coachhelm/round-review/HighlightsSection.tsx,5,0,45
TypeScript,src/components/ui/animated-number.tsx,5,24,45
TypeScript,src/components/ui/reveal.tsx,5,28,45
TypeScript,src/components/ui/toggle-group.tsx,5,12,45
TypeScript,src/lib/baseball/adapters/import-file-body.ts,6,34,45
TypeScript,src/lib/baseball/motion.ts,7,79,45
TypeScript,src/lib/coachhelm/v2/mining/__tests__/pattern-miner.quality.test.ts,3,0,45
TypeScript,src/lib/coachhelm/v2/shot-analysis/index.ts,10,9,45
SQL,supabase/migrations_archive/v1_original/074_fix_conversation_recursion.sql,3,21,45
SQL,supabase/tests/rls/coach_insights_player_update.sql,7,13,45
TypeScript,scripts/list-orphan-players.ts,12,4,44
JavaScript,scripts/test-send-coach-first-touch.mjs,6,6,44
TypeScript,src/app/baseball/(dashboard)/dashboard/team/loading.tsx,1,0,44
TypeScript,src/app/baseball/actions/coachhelm.ts,11,34,44
TypeScript,src/app/golf/(dashboard)/dashboard/players/[playerId]/composite-rating.test.ts,8,22,44
TypeScript,src/app/page.tsx,2,0,44
TypeScript,src/components/fairway/data-table/data-table-states.tsx,4,14,44
TypeScript,src/components/fairway/data-table/density.ts,5,23,44
TypeScript,src/components/fairway/overlays/_shared.ts,15,64,44
TypeScript,src/components/fairway/pages/roster/FairwayYearBadge.tsx,8,32,44
TypeScript,src/components/golf/MobileMenuButton.tsx,5,17,44
TypeScript,src/components/golf/NoTeamBanner.tsx,6,5,44
TypeScript,src/components/providers/PostHogProvider.tsx,11,18,44
TypeScript,src/lib/coachhelm/shared/evidence-types.ts,10,100,44
TypeScript,src/test/coachhelm/v3/bunker-cooccurrence.test.ts,3,0,44
TypeScript,src/test/coachhelm/v3/composite-sample-counts.test.ts,3,1,44
TypeScript,src/test/coachhelm/v3/window-honesty-crossengine.test.ts,5,0,44
SQL,supabase/migrations_archive/pre_20260527/065_golf_shots_putt_lie_columns.sql,16,29,44
SQL,supabase/migrations_archive/v1_original/033_fix_permissive_rls.sql,12,21,44
TypeScript,src/app/baseball/(dashboard)/dashboard/settings/philosophy/page.tsx,7,5,43
TypeScript,src/app/baseball/(dashboard)/dashboard/signals/loading.tsx,3,0,43
TypeScript,src/components/baseball/dashboard/DashboardErrorState.tsx,4,26,43
TypeScript,src/components/baseball/showcase/TeamSelector.tsx,4,0,43
TypeScript,src/components/baseball/source-trust/build-source-trust.ts,3,20,43
TypeScript,src/components/fairway/app-shell/RouteTransition.tsx,7,24,43
TypeScript,src/components/fairway/pages/rounds-tracking/FairwayUnsavedNavModal.tsx,4,9,43
TypeScript,src/lib/coachhelm/v3/foundation/generator-toggles.ts,7,30,43
TypeScript,src/lib/supabase/fetch-all-rows.ts,6,39,43
SQL,supabase/migrations/20260602165152_harden_search_path_and_revoke_anon_admin_fns.sql,2,32,43
SQL,supabase/migrations/20260624000210_baseball_coachhelm_v10_ranking_and_outcome_ledger.sql,11,64,43
SQL,supabase/migrations_archive/pre_20260527/002_core_users_auth.sql,5,10,43
SQL,supabase/migrations_archive/pre_20260527/20260525210000_v3_golf_qualifiers_selection_columns.sql,5,13,43
JavaScript,scripts/check-migration-ledger.mjs,12,30,42
TypeScript,src/app/baseball/(dashboard)/dashboard/postgame/loading.tsx,4,0,42
TypeScript,src/app/lifting/(dashboard)/dashboard/programs/[programId]/error.tsx,6,8,42
TypeScript,src/app/lifting/(dashboard)/dashboard/settings/actions.ts,13,18,42
TypeScript,src/app/lifting/(dashboard)/layout.tsx,7,17,42
TypeScript,src/components/baseball/BaseballShellLayout.tsx,7,35,42
TypeScript,src/components/golf/announcements/NewAnnouncementsModalWrapper.tsx,10,9,42
TypeScript,src/lib/baseball/daily-contract/contract-day.ts,7,67,42
TypeScript,src/lib/coachhelm/v2/index.ts,14,20,42
TypeScript,src/lib/crm/merge-tags.ts,4,36,42
TypeScript,src/lib/types/baseball-coachhelm.ts,10,89,42
TypeScript,src/lib/validation/action-schemas.ts,10,14,42
SQL,supabase/migrations_archive/pre_20260527/20260119000001_fix_golf_team_members_rls_recursion.sql,7,16,42
SQL,supabase/migrations_archive/pre_20260527/20260306000003_cleanup_dead_code_schema.sql,6,8,42
SQL,supabase/migrations_archive/pre_20260527/20260428T6_coach_engagement_view.sql,4,19,42
SQL,supabase/migrations_archive/v1_original/035_type_consistency.sql,17,26,42
JavaScript,scripts/knowledge/map-changed-files.mjs,4,1,41
TypeScript,src/app/golf/actions/demo-tracking.ts,9,19,41
TypeScript,src/components/golf/classes/AddClassModal.semester.test.ts,4,10,41
TypeScript,src/components/golf/coachhelm/insight-card/tone-derivation.ts,12,49,41
TypeScript,src/components/golf/layout/FeatureUnavailable.tsx,2,0,41
TypeScript,src/contexts/golf-user-context.tsx,6,20,41
TypeScript,src/lib/coachhelm/v3/llm/types.ts,8,29,41
TypeScript,src/lib/coachhelm/v3/standing/metric-config.ts,12,34,41
TypeScript,src/lib/coachhelm/v3/stats/__tests__/proportion-test.test.ts,2,0,41
TypeScript,src/lib/crm/gmail-compose.ts,4,43,41
SQL,supabase/migrations/20260528010000_reapply_v3_goals_suggestions_rls.sql,9,13,41
SQL,supabase/migrations/20260624000082_baseball_staff_display_and_invite_columns.sql,11,32,41
SQL,supabase/migrations_archive/pre_20260527/051_golf_round_drafts.sql,10,14,41
TypeScript,src/app/api/cron/v3/goal-suggestions-evaluate/route.ts,5,14,40
TypeScript,src/app/baseball/(dashboard)/dashboard/scout-packets/loading.tsx,5,3,40
TypeScript,src/app/golf/(onboarding)/coach/loading.tsx,3,0,40
TypeScript,src/app/golf/(onboarding)/player/loading.tsx,3,0,40
TypeScript,src/lib/coachhelm/v2/feedback/index.ts,4,13,40
TypeScript,src/lib/coachhelm/v3/qualifying/types.ts,5,21,40
TypeScript,src/lib/utils/transient-error.ts,7,39,40
SQL,supabase/migrations_archive/pre_20260527/017_subscriptions.sql,9,13,40
SQL,supabase/migrations_archive/pre_20260527/20260421100000_canonical_coachhelm_schema.sql,4,16,40
SQL,supabase/migrations_archive/v1_original/037_subscription_infrastructure.sql,17,42,40
JavaScript,scripts/__tests__/check-migration-ledger.test.mjs,4,0,39
JavaScript,scripts/__tests__/no-bare-empty-text.test.mjs,7,9,39
JavaScript,scripts/run-migration.mjs,13,5,39
TypeScript,src/app/api/cron/task-reminders/route.ts,5,21,39
TypeScript,src/app/api/golf/rounds/partial-save/route.ts,8,27,39
TypeScript,src/app/baseball/(dashboard)/dashboard/practice-effectiveness/loading.tsx,4,5,39
TypeScript,src/app/baseball/(dashboard)/layout.tsx,9,64,39
TypeScript,src/app/golf/(dashboard)/dashboard/stats/page.tsx,8,22,39
TypeScript,src/app/golf/admin/components/shared/LifecycleBadge.tsx,6,2,39
TypeScript,src/app/golf/admin/components/shared/NarrativeCallout.tsx,5,0,39
TypeScript,src/app/golf/admin/components/shared/StatusBadge.tsx,6,7,39
TypeScript,src/app/golf/admin/components/tracer/TracerSubTabNav.tsx,4,3,39
TypeScript,src/app/soreness-preview/page.tsx,4,2,39
TypeScript,src/components/coach/discover/USAMap.tsx,5,3,39
TypeScript,src/components/fairway/cards-insight/glass.ts,6,49,39
TypeScript,src/components/golf/dashboard/quick-stat-row.tsx,8,6,39
TypeScript,src/hooks/golf/use-penalty-handler.ts,6,0,39
TypeScript,src/hooks/use-presence.ts,12,15,39
TypeScript,src/lib/coachhelm/v3/engine/__tests__/generator-base-exempt.test.ts,7,4,39
TypeScript,src/lib/coachhelm/v3/insights/upsert-v3.ts,7,28,39
TypeScript,src/lib/coachhelm/v3/qualifying/chat-push.ts,8,11,39
TypeScript,src/lib/coachhelm/v3/standing/refresh.ts,7,59,39
TypeScript,src/lib/crm/domain-auth-check.ts,8,19,39
TypeScript,src/lib/golf/__tests__/team-theme.test.ts,3,0,39
TypeScript,src/lib/supabase/server.ts,2,8,39
TypeScript,src/test/api/cron/shared-auth.test.ts,10,0,39
SQL,supabase/migrations/20260617190000_fix_crm_email_stats_scope.sql,1,11,39
SQL,supabase/migrations/20260624002000_baseball_videos_coach_rls_and_recruiting_check.sql,2,38,39
SQL,supabase/migrations_archive/v1_original/056_simplify_calendar_rls.sql,5,12,39
SQL,supabase/migrations_archive/v1_original/057_fix_class_select_rls.sql,5,9,39
SQL,supabase/migrations_archive/v1_original/20251231000002_fix_user_signup_rls.sql,12,23,39
SQL,supabase/migrations_archive/v1_original/20260109000005_notification_preferences.sql,8,10,39
JavaScript,scripts/run-sql.mjs,9,3,38
JavaScript,scripts/wf_p34_all.js,2,3,38
TypeScript,src/app/baseball/(coach-dashboard)/coach/template.tsx,5,54,38
TypeScript,src/app/baseball/(player-dashboard)/player/practice/loading.tsx,3,4,38
TypeScript,src/app/baseball/(player-dashboard)/player/template.tsx,5,36,38
TypeScript,src/app/golf/(dashboard)/dashboard/my-standing/loading.tsx,3,10,38
TypeScript,src/components/NativeRedirect.tsx,10,20,38
TypeScript,src/components/baseball/tasks/ReminderBanner.tsx,4,0,38
TypeScript,src/components/ui/containers.tsx,4,19,38
TypeScript,src/lib/calendar/write-integrity.ts,3,28,38
TypeScript,src/lib/coachhelm/v2/insights/baseline-registry.ts,9,30,38
TypeScript,src/lib/coachhelm/v2/stats/index.ts,8,6,38
TypeScript,src/lib/supabase/untyped.ts,2,25,38
TypeScript,src/test/coachhelm/v3/insight-visibility.test.ts,8,14,38
TypeScript,src/test/coachhelm/v3/window-honesty.test.ts,7,1,38
SQL,supabase/migrations_archive/pre_20260527/20260204000000_fix_golf_team_join_rls.sql,8,23,38
SQL,supabase/migrations_archive/pre_20260527/20260421100002_coachhelm_cleanup_dup_policies.sql,4,21,38
SQL,supabase/migrations_archive/pre_20260527/20260421110000_verify_coach_owns_player.sql,4,4,38
SQL,supabase/migrations_archive/v1_original/004_video_storage.sql,11,7,38
TypeScript,src/app/api/cron/refresh-engagement/route.ts,5,13,37
TypeScript,src/app/baseball/(dashboard)/dashboard/performance/live/loading.tsx,2,0,37
TypeScript,src/app/baseball/(dashboard)/dashboard/players/[id]/scout-packet/preview/page.tsx,8,10,37
TypeScript,src/app/baseball/(dashboard)/dashboard/practice-effectiveness/page.tsx,8,17,37
TypeScript,src/app/baseball/(player-dashboard)/player/timeline/loading.tsx,4,5,37
TypeScript,src/components/golf/coachhelm/round-review/ReviewSummary.tsx,5,1,37
TypeScript,src/components/golf/dashboard/error-boundary.tsx,6,0,37
TypeScript,src/hooks/useSmoothScroll.ts,6,9,37
TypeScript,src/lib/baseball/adapters/file-fingerprint.ts,4,37,37
TypeScript,src/lib/coachhelm/v3/genome/dimensions/pressure-delta.ts,5,12,37
TypeScript,src/lib/coachhelm/v3/genome/loader.ts,5,9,37
TypeScript,src/lib/coachhelm/v3/standing/gender-anchor.ts,7,64,37
TypeScript,src/lib/coachhelm/v3/themes/nlg-driver.test.ts,4,0,37
TypeScript,src/test/coachhelm/v2/gate.test.ts,3,0,37
TypeScript,src/test/coachhelm/v3/composite-same-source-dedup.test.ts,2,0,37
TypeScript,src/test/coachhelm/v3/lag-3putt-prose.test.ts,3,1,37
SQL,supabase/migrations/20260610160000_program_onboarding_backfill.sql,6,39,37
SQL,supabase/migrations/20260611000000_create_golf_demo_sessions.sql,7,17,37
SQL,supabase/migrations_archive/pre_20260527/20260222140000_emergency_rls_fix_v2.sql,12,41,37
SQL,supabase/migrations_archive/pre_20260527/20260526000100_v3_coachhelm_chat_messages.sql,5,21,37
JavaScript,scripts/admin-rollup-smoke.mjs,6,2,36
JavaScript,scripts/resend-diagnose.mjs,3,5,36
TypeScript,src/app/baseball/(dashboard)/dashboard/stats/games/[gameId]/loading.tsx,4,4,36
TypeScript,src/app/golf/(dashboard)/dashboard/alerts/loading.tsx,5,9,36
TypeScript,src/app/golf/(dashboard)/dashboard/courses/page.tsx,5,4,36
TypeScript,src/app/golf/(dashboard)/dashboard/insights/loading.tsx,5,8,36
TypeScript,src/app/golf/actions/stats-leak-maps-types.ts,5,39,36
TypeScript,src/app/lifting/(dashboard)/dashboard/athletes/loading.tsx,3,7,36
TypeScript,src/app/lifting/(dashboard)/dashboard/programs/[programId]/loading.tsx,2,7,36
TypeScript,src/components/golf/coachhelm/insight-card/HeroInsightCard.tsx,6,13,36
TypeScript,src/components/golf/coachhelm/v3/CounterfactualLine.tsx,6,15,36
TypeScript,src/components/layout/mode-toggle.tsx,4,0,36
TypeScript,src/lib/cache/tags.ts,3,50,36
TypeScript,src/lib/golf/stat-formulas.ts,10,36,36
SQL,supabase/migrations_archive/pre_20260527/066_golf_shots_distance_columns.sql,15,44,36
SQL,supabase/migrations_archive/pre_20260527/20260305000000_device_tokens.sql,9,6,36
SQL,supabase/migrations_archive/v1_original/060_create_avatars_storage.sql,5,9,36
SQL,supabase/migrations_archive/v1_original/075_fix_conversation_no_recursion.sql,3,18,36
TypeScript,src/app/baseball/(player-dashboard)/player/today/loading.tsx,4,5,35
TypeScript,src/lib/coachhelm/v3/engine/window-honesty.ts,6,39,35
TypeScript,src/lib/coachhelm/v3/genome/dimensions/miss-side-bias.ts,8,12,35
TypeScript,src/lib/offline/partial-save-beacon.ts,6,22,35
TypeScript,src/test/coachhelm/v3/counterfactual-confidence-band.test.ts,3,0,35
SQL,supabase/migrations/20260610040100_prune_standing_global_orphans.sql,5,18,35
SQL,supabase/migrations/20260613190000_course_library_normalize_unique.sql,5,45,35
SQL,supabase/migrations/20260622130000_pga_lpga_only_sg_baselines.sql,5,21,35
SQL,supabase/migrations/20260624000440_baseball_strength_group_audit.sql,3,29,35
SQL,supabase/migrations_archive/pre_20260527/001_extensions_and_enums.sql,5,12,35
SQL,supabase/migrations_archive/pre_20260527/20260429010000_golf_recruits.sql,7,10,35
SQL,supabase/migrations_archive/pre_20260527/20260524190100_v3_golf_metrics_table.sql,9,27,35
SQL,supabase/migrations_archive/v1_original/066_ical_feeds.sql,11,10,35
TypeScript,src/app/baseball/(dashboard)/dashboard/template.tsx,5,40,34
TypeScript,src/app/baseball/(dashboard)/dashboard/travel/loading.tsx,1,0,34
TypeScript,src/app/golf/(dashboard)/dashboard/team-hub/loading.tsx,4,9,34
TypeScript,src/components/baseball/source-trust/index.ts,5,12,34
TypeScript,src/components/golf/roster/RosterIntentControl.tsx,5,17,34
TypeScript,src/hooks/useVisibilityAwareInterval.ts,7,8,34
TypeScript,src/test/lib/calendar/write-integrity.test.ts,6,0,34
SQL,supabase/migrations_archive/pre_20260527/028_golf_travel.sql,4,8,34
SQL,supabase/migrations_archive/pre_20260527/20260524200000_v3_golf_pga_standards_table.sql,14,39,34
JavaScript,scripts/coach-priority.mjs,7,31,33
TypeScript,src/app/api/coachhelm/v3/chat/conversations/[id]/route.ts,4,6,33
TypeScript,src/app/baseball/(dashboard)/dashboard/tasks/loading.tsx,1,0,33
TypeScript,src/app/golf/(dashboard)/dashboard/courses/loading.tsx,4,8,33
TypeScript,src/app/golf/join/[code]/loading.tsx,3,0,33
TypeScript,src/components/fairway/app-shell/PageContainer.tsx,4,27,33
TypeScript,src/components/fairway/controls/index.ts,11,18,33
TypeScript,src/components/golf/coachhelm/v3/PuttHeatmap/types.ts,6,18,33
TypeScript,src/test/golf/actions/patterns-dashboard-client.test.tsx,7,4,33
SQL,supabase/migrations/20260624000510_baseball_event_supersede.sql,7,44,33
SQL,supabase/migrations_archive/pre_20260527/20260429120000_fix_orphan_evidence_insights_rls.sql,2,22,33
JavaScript,scripts/rotate-demo-passwords.mjs,4,6,32
JavaScript,scripts/rpc-smoke.mjs,7,6,32
TypeScript,src/app/baseball/(dashboard)/dashboard/program/loading.tsx,1,0,32
TypeScript,src/app/golf/admin/crm/components/coach/CoachAttachmentsBlock.tsx,4,6,32
TypeScript,src/app/lifting/(dashboard)/dashboard/exercises/page.tsx,9,7,32
TypeScript,src/components/fairway/app-shell/types.ts,7,34,32
TypeScript,src/components/fairway/feedback/motion.ts,5,23,32
TypeScript,src/components/golf/roster/YearBadge.tsx,5,5,32
TypeScript,src/lib/baseball/__tests__/outcome-sweep-verdict.test.ts,8,19,32
TypeScript,src/lib/coachhelm/v3/genome/dimensions/scrambling-rate.ts,6,23,32
TypeScript,src/lib/coachhelm/v3/llm/citations.ts,8,25,32
TypeScript,src/test/coachhelm/v3/causality-attribution-fk.test.ts,3,16,32
SQL,supabase/migrations/20260606010000_v3_golf_metrics_seed_reproducible.sql,9,42,32
SQL,supabase/migrations/20260610040300_seed_golf_pga_standards.sql,1,7,32
SQL,supabase/migrations_archive/pre_20260527/018_team_lineups.sql,6,10,32
SQL,supabase/migrations_archive/pre_20260527/20260524190200_v3_golf_metrics_seed.sql,9,50,32
SQL,supabase/migrations_archive/pre_20260527/20260525160000_v3_golf_goal_suggestions_table.sql,11,20,32
SQL,supabase/migrations_archive/v1_original/040_create_login_attempts.sql,7,9,32
SQL,supabase/migrations_archive/v1_original/054_remove_duplicate_policies.sql,20,46,32
TypeScript,src/app/api/golf/auth/login/route.ts,6,0,31
TypeScript,src/app/baseball/(dashboard)/dashboard/events/loading.tsx,1,0,31
TypeScript,src/app/golf/(dashboard)/dashboard/team/loading.tsx,3,10,31
TypeScript,src/app/golf/admin/components/SectionSkeleton.tsx,3,10,31
TypeScript,src/app/not-found.tsx,3,0,31
TypeScript,src/lib/baseball/adapters/pdf-adapter.ts,5,21,31
TypeScript,src/lib/coachhelm/v3/genome/dimensions/back-nine-delta.ts,5,11,31
TypeScript,src/lib/coachhelm/v3/genome/dimensions/scoring-trend.ts,5,10,31
TypeScript,src/lib/coachhelm/v3/ingest/types.ts,6,19,31
TypeScript,src/lib/crm/outreach-headers.ts,7,23,31
TypeScript,src/lib/golf/upload-course-image.ts,4,6,31
SQL,supabase/migrations/20260606120200_v3_prune_stale_player_standing.sql,5,34,31
SQL,supabase/migrations_archive/pre_20260527/004_coaches.sql,9,13,31
SQL,supabase/migrations_archive/pre_20260527/20260212000000_dashboard_performance_indexes.sql,24,70,31
SQL,supabase/migrations_archive/pre_20260527/20260305200000_fix_calendar_notifications.sql,11,29,31
SQL,supabase/migrations_archive/pre_20260527/20260428T7_unsubscribe_event_tracking.sql,4,12,31
SQL,supabase/migrations_archive/pre_20260527/20260526020000_v3_golf_insight_outcome_attribution.sql,5,20,31
SQL,supabase/migrations_archive/v1_original/019_add_golf_player_columns.sql,4,5,31
SQL,supabase/migrations_archive/v1_original/20260104000007_create_conversation_with_participants_function.sql,6,11,31
TypeScript,src/app/api/health/route.ts,4,0,30
TypeScript,src/app/baseball/(dashboard)/dashboard/settings/imports/page.tsx,6,18,30
TypeScript,src/app/baseball/(dashboard)/dashboard/settings/integrations/page.tsx,6,15,30
TypeScript,src/app/golf/(dashboard)/dashboard/settings/coaching-intelligence/layout.tsx,4,5,30
TypeScript,src/app/golf/admin/components/admin-utils.ts,4,7,30
TypeScript,src/app/sitemap.ts,2,0,30
TypeScript,src/components/fairway/data-table/types.ts,7,48,30
TypeScript,src/components/messages/EmptyChatState.tsx,3,0,30
TypeScript,src/lib/coachhelm/v3/counterfactual/player-cohort-loader.ts,4,13,30
TypeScript,src/lib/coachhelm/v3/intent/types.ts,6,20,30
TypeScript,src/lib/coachhelm/v3/practice-rx/area-metric-map.ts,6,23,30
TypeScript,src/lib/middleware/rate-limit.ts,4,7,30
TypeScript,src/lib/types/baseball-acknowledgements.ts,7,62,30
TypeScript,src/test/coachhelm/v2/mining/lie-specific-analysis.test.ts,3,0,30
TypeScript,src/test/lib/cron/auth.test.ts,9,0,30
SQL,supabase/migrations/20260606190000_fix_fairway_denominator.sql,1,7,30
SQL,supabase/migrations/20260613170000_course_library_round_tee_id.sql,5,23,30
SQL,supabase/migrations/20260625000040_baseball_staff_display_scope_columns.sql,6,28,30
SQL,supabase/migrations/20260625000050_baseball_anon_revoke_wave1.sql,4,33,30
SQL,supabase/migrations_archive/pre_20260527/009_messaging.sql,5,10,30
SQL,supabase/migrations_archive/pre_20260527/20260525220100_v3_golf_coachhelm_llm_calls_table.sql,5,20,30
SQL,supabase/migrations_archive/pre_20260527/20260526010000_v3_golf_player_genome_table.sql,6,20,30
SQL,supabase/migrations_archive/pre_20260527/20260526050000_v3_notification_prefs_columns.sql,1,19,30
SQL,supabase/migrations_archive/v1_original/015_enhance_watchlist.sql,10,13,30
SQL,supabase/tests/rls/v3_goals_coach_create_player_team_binding.sql,7,12,30
JavaScript,scripts/check-required-env.mjs,4,0,29
TypeScript,src/app/baseball/(dashboard)/dashboard/organization/page.tsx,4,0,29
TypeScript,src/app/baseball/(dashboard)/dashboard/performance/programs/[programId]/page.tsx,8,14,29
TypeScript,src/app/baseball/(dashboard)/dashboard/players/loading.tsx,1,0,29
TypeScript,src/app/golf/admin/layout.tsx,5,6,29
TypeScript,src/components/golf/coachhelm/v3/StandingBar/index.tsx,4,26,29
TypeScript,src/contexts/mobile-nav-context.tsx,6,0,29
TypeScript,src/hooks/useAnimatedNumber.ts,10,5,29
TypeScript,src/lib/analytics/posthog-server.ts,7,25,29
TypeScript,src/lib/coachhelm/v2/mining/__tests__/shot-pattern-miner.id.test.ts,4,10,29
TypeScript,src/lib/coachhelm/v3/composite/loader.ts,5,16,29
SQL,supabase/migrations_archive/v1_original/051_fix_golf_events_rls.sql,5,5,29
TypeScript,src/app/baseball/(dashboard)/dashboard/import/loading.tsx,4,4,28
TypeScript,src/app/baseball/(dashboard)/dashboard/organization/loading.tsx,1,0,28
TypeScript,src/components/fairway/controls/eyebrow.tsx,4,25,28
TypeScript,src/lib/coachhelm/v2/insights/gate-context.ts,8,46,28
TypeScript,src/lib/coachhelm/v3/counterfactual/cohort-baselines.ts,8,44,28
TypeScript,src/lib/types/baseball-coachhelm-v10.ts,6,69,28
SQL,supabase/migrations/20260626000020_helm_lifting_exercise_stress_profile.sql,12,33,28
SQL,supabase/migrations_archive/pre_20260527/008_videos.sql,5,8,28
SQL,supabase/migrations_archive/pre_20260527/019_login_security.sql,4,9,28
SQL,supabase/migrations_archive/pre_20260527/063_expand_pattern_type_check.sql,4,4,28
TypeScript,src/app/baseball/(dashboard)/dashboard/stats/games/loading.tsx,3,4,27
TypeScript,src/app/baseball/(dashboard)/dashboard/stats/games/page.tsx,7,0,27
TypeScript,src/app/baseball/(public)/packet/[token]/csv/route.ts,5,16,27
TypeScript,src/app/golf/actions/team-category-insights-helpers.ts,2,29,27
TypeScript,src/components/golf/coachhelm/v3/StandingBar/types.ts,25,58,27
TypeScript,src/lib/coachhelm/v2/mining/__tests__/shot-pattern-miner.distance-control.test.ts,4,0,27
TypeScript,src/lib/coachhelm/v3/themes/taxonomy.ts,6,23,27
TypeScript,src/test/coachhelm/v2/mining/shot-state-intelligence.test.ts,4,1,27
SQL,supabase/migrations/20260606020000_v3_expire_stale_v2_scoring.sql,3,28,27
SQL,supabase/migrations_archive/pre_20260527/20260119000000_restrict_golf_team_members_select.sql,8,18,27
SQL,supabase/migrations_archive/pre_20260527/20260310000000_deprecate_unused_tables.sql,12,26,27
SQL,supabase/migrations_archive/pre_20260527/20260428020000_vercel_error_triage_fixes.sql,8,19,27
SQL,supabase/migrations_archive/v1_original/20260109000004_video_clips_support.sql,6,8,27
SQL,scripts/backfill-archive-insufficient-sample-insights-dryrun.sql,1,6,26
TypeScript,src/app/baseball/(dashboard)/dashboard/comparisons/loading.tsx,1,6,26
TypeScript,src/app/baseball/(dashboard)/dashboard/documents/loading.tsx,1,0,26
TypeScript,src/app/baseball/(player-dashboard)/player/practice/page.tsx,5,16,26
TypeScript,src/app/golf/page.tsx,8,17,26
TypeScript,src/components/baseball/dev-plans/ProgressTracker.tsx,4,0,26
TypeScript,src/components/fairway/forms/index.ts,11,16,26
TypeScript,src/lib/coachhelm/v3/engine/types.ts,6,66,26
TypeScript,src/test/coachhelm/v3/phase-d-grace-regression.test.ts,2,2,26
SQL,supabase/migrations/20260610070000_calendar_integrity_and_self_rsvp.sql,6,19,26
SQL,supabase/migrations/20260613180000_course_images_storage.sql,5,19,26
SQL,supabase/migrations_archive/pre_20260527/20260525200000_v3_golf_coach_player_intent_table.sql,8,27,26
SQL,supabase/migrations_archive/v1_original/021_fix_user_signup_trigger.sql,7,10,26
SQL,supabase/migrations_archive/v1_original/20260109000002_discovery_indexes.sql,6,3,26
SQL,supabase/tests/rls/golf_team_coach_staff.sql,6,17,26
JavaScript,scripts/save-golf-auth.mjs,0,4,25
TypeScript,src/app/api/coachhelm/v3/chat/conversations/route.ts,4,6,25
TypeScript,src/app/baseball/(dashboard)/dashboard/announcements/loading.tsx,1,0,25
TypeScript,src/app/baseball/(dashboard)/dashboard/readiness/page.tsx,6,15,25
TypeScript,src/app/golf/(dashboard)/dashboard/layout.tsx,2,4,25
TypeScript,src/app/golf/(dashboard)/dashboard/not-found.tsx,1,14,25
TypeScript,src/app/golf/(dashboard)/dashboard/players/[playerId]/composite-rating.ts,7,29,25
TypeScript,src/app/golf/(dashboard)/dashboard/template.tsx,4,33,25
TypeScript,src/app/golf/actions/access-code.ts,5,22,25
TypeScript,src/test/coachhelm/v3/cohort-baselines.test.ts,4,2,25
TypeScript,src/test/coachhelm/v3/generator-prose.test.ts,2,13,25
TypeScript,src/test/coachhelm/v3/lookup-attempt-config.test.ts,4,0,25
SQL,supabase/migrations/20260624001100_baseball_import_match_resolution.sql,5,28,25
SQL,supabase/migrations_archive/pre_20260527/016_player_comparisons.sql,5,9,25
SQL,supabase/migrations_archive/pre_20260527/20260204210000_fix_golf_rls_recursion_v2.sql,4,19,25
SQL,supabase/migrations_archive/pre_20260527/20260205000000_allow_coaches_see_join_request_players.sql,3,10,25
TypeScript,src/app/baseball/(dashboard)/dashboard/roster/loading.tsx,2,0,24
TypeScript,src/app/baseball/(dashboard)/dashboard/videos/[id]/edit/video-clipper-client.tsx,6,1,24
TypeScript,src/app/golf/(auth)/signup/loading.tsx,0,0,24
TypeScript,src/app/lifting/(dashboard)/dashboard/readiness/page.tsx,7,7,24
TypeScript,src/components/demo/DemoEnterTracker.tsx,7,23,24
TypeScript,src/components/fairway/feedback/index.ts,7,16,24
TypeScript,src/components/lifting/soreness/index.ts,13,6,24
TypeScript,src/lib/coachhelm/v3/genome/dimensions/driver-usage.ts,5,11,24
TypeScript,src/lib/supabase/client.ts,1,5,24
SQL,supabase/migrations_archive/pre_20260527/20260115212301_focus_area_insight_link.sql,12,9,24
SQL,supabase/migrations_archive/pre_20260527/20260222100000_create_auth_rate_limits.sql,4,5,24
SQL,supabase/migrations_archive/pre_20260527/20260527190000_harden_public_rpc_grants.sql,9,46,24
SQL,supabase/migrations_archive/v1_original/052a_cleanup_orphaned_data.sql,7,12,24
SQL,supabase/migrations_archive/v1_original/20251231000001_fix_golf_players_columns.sql,4,6,24
SQL,supabase/migrations_archive/v1_original/20260104000005_fix_messaging_recursion.sql,4,12,24
JavaScript,scripts/stamp-sw.mjs,6,8,23
TypeScript,src/app/baseball/(dashboard)/dashboard/lift/[sessionId]/page.tsx,5,7,23
TypeScript,src/app/baseball/(dashboard)/dashboard/performance/groups/page.tsx,6,16,23
TypeScript,src/app/baseball/(dashboard)/dashboard/settings/audit/page.tsx,6,16,23
TypeScript,src/app/baseball/(dashboard)/dashboard/stats/games/new/page.tsx,7,0,23
TypeScript,src/components/fairway/calendar/types.ts,7,57,23
TypeScript,src/components/fairway/forms/Form.tsx,4,16,23
TypeScript,src/lib/coachhelm/load-team-player-names.ts,4,1,23
TypeScript,src/lib/coachhelm/v2/trends/index.ts,3,9,23
TypeScript,src/lib/coachhelm/v3/composite/registry.ts,2,32,23
TypeScript,src/lib/coachhelm/v3/genome/normalize.ts,9,31,23
TypeScript,src/lib/redesign/flag.ts,8,74,23
TypeScript,src/stores/peek-panel-store.ts,3,1,23
SQL,supabase/demo/04_reset_demo.sql,9,77,23
SQL,supabase/migrations/20260614000000_round_atomic_rpcs_persist_course_id.sql,5,18,23
SQL,supabase/migrations/20260624000620_baseball_daily_contract_coach_ack.sql,4,53,23
SQL,supabase/migrations_archive/pre_20260527/067_fix_around_green_lie_before.sql,3,12,23
SQL,supabase/migrations_archive/pre_20260527/20260217000000_fix_baseball_teams_schema.sql,8,18,23
SQL,supabase/migrations_archive/pre_20260527/20260517040000_backfill_parent_event_id.sql,3,17,23
SQL,supabase/migrations_archive/v1_original/005_fix_pipeline_stage_enum.sql,8,11,23
SQL,supabase/migrations_archive/v1_original/023_allow_coaches_create_organizations.sql,3,5,23
SQL,supabase/migrations_archive/v1_original/077_complete_conversation_participants_cleanup.sql,6,16,23
SQL,supabase/migrations_archive/v1_original/081_add_performance_indexes.sql,8,31,23
SQL,supabase/migrations_archive/v1_original/20260104000001_fix_conversations_rls_policy.sql,6,9,23
TypeScript,src/app/baseball/(dashboard)/dashboard/page.tsx,6,9,22
TypeScript,src/app/baseball/(dashboard)/dashboard/settings/showcase-profile/loading.tsx,1,0,22
TypeScript,src/app/golf/(auth)/login/loading.tsx,0,0,22
TypeScript,src/app/golf/(auth)/reset-password/loading.tsx,0,0,22
TypeScript,src/app/golf/admin/crm/layout.tsx,5,0,22
TypeScript,src/components/fairway/cards-insight/index.ts,3,16,22
TypeScript,src/components/fairway/pages/team/FairwayTeam.tsx,6,18,22
TypeScript,src/components/golf/layout/SmoothScrollMount.tsx,5,34,22
TypeScript,src/lib/coachhelm/v3/genome/registry.ts,3,13,22
TypeScript,src/lib/crm/email-verify.ts,3,25,22
TypeScript,src/test/coachhelm/v3/cohort-bounds-unbounded.test.ts,4,0,22
SQL,supabase/migrations/20260606210000_admin_platform_stat_averages.sql,2,16,22
SQL,supabase/migrations/20260623131038_harden_crm_view_and_recruit_doc_functions.sql,3,8,22
SQL,supabase/migrations_archive/pre_20260527/007_watchlists.sql,3,7,22
SQL,supabase/migrations_archive/pre_20260527/20260304000002_add_draft_data_column.sql,3,10,22
SQL,supabase/migrations_archive/pre_20260527/20260517020000_backfill_coachhelm_analyzed_at.sql,4,18,22
SQL,supabase/migrations_archive/pre_20260527/20260526000000_v3_coachhelm_chat_conversations.sql,5,17,22
JavaScript,scripts/gen-ios-icon.mjs,6,9,21
TypeScript,src/app/baseball/(auth)/complete-signup/error.tsx,2,0,21
TypeScript,src/app/baseball/(auth)/forgot-password/error.tsx,2,0,21
TypeScript,src/app/baseball/(auth)/login/error.tsx,2,0,21
TypeScript,src/app/baseball/(auth)/reset-password/error.tsx,2,0,21
TypeScript,src/app/baseball/(auth)/signup/error.tsx,2,0,21
TypeScript,src/app/baseball/(coach-dashboard)/error.tsx,3,11,21
TypeScript,src/app/baseball/(dashboard)/dashboard/academics/error.tsx,2,0,21
TypeScript,src/app/baseball/(dashboard)/dashboard/activate/error.tsx,2,0,21
TypeScript,src/app/baseball/(dashboard)/dashboard/analytics/error.tsx,2,0,21
TypeScript,src/app/baseball/(dashboard)/dashboard/announcements/error.tsx,2,0,21
TypeScript,src/app/baseball/(dashboard)/dashboard/calendar/error.tsx,2,0,21
TypeScript,src/app/baseball/(dashboard)/dashboard/camps/[id]/error.tsx,2,0,21
TypeScript,src/app/baseball/(dashboard)/dashboard/camps/error.tsx,2,0,21
TypeScript,src/app/baseball/(dashboard)/dashboard/college-interest/error.tsx,2,0,21
TypeScript,src/app/baseball/(dashboard)/dashboard/colleges/error.tsx,2,0,21
TypeScript,src/app/baseball/(dashboard)/dashboard/command-center/error.tsx,2,0,21
TypeScript,src/app/baseball/(dashboard)/dashboard/compare/error.tsx,2,0,21
TypeScript,src/app/baseball/(dashboard)/dashboard/comparisons/error.tsx,2,0,21
TypeScript,src/app/baseball/(dashboard)/dashboard/decision-room/error.tsx,2,0,21
TypeScript,src/app/baseball/(dashboard)/dashboard/dev-plan/error.tsx,2,0,21
TypeScript,src/app/baseball/(dashboard)/dashboard/dev-plans/[id]/error.tsx,2,0,21
TypeScript,src/app/baseball/(dashboard)/dashboard/dev-plans/error.tsx,2,0,21
TypeScript,src/app/baseball/(dashboard)/dashboard/documents/error.tsx,2,0,21
TypeScript,src/app/baseball/(dashboard)/dashboard/error.tsx,2,0,21
TypeScript,src/app/baseball/(dashboard)/dashboard/events/error.tsx,2,0,21
TypeScript,src/app/baseball/(dashboard)/dashboard/import/error.tsx,3,6,21
TypeScript,src/app/baseball/(dashboard)/dashboard/journey/error.tsx,2,0,21
TypeScript,src/app/baseball/(dashboard)/dashboard/lift/[sessionId]/error.tsx,2,0,21
TypeScript,src/app/baseball/(dashboard)/dashboard/lift/error.tsx,2,0,21
TypeScript,src/app/baseball/(dashboard)/dashboard/lift/page.tsx,5,8,21
TypeScript,src/app/baseball/(dashboard)/dashboard/messages/[id]/error.tsx,2,0,21
TypeScript,src/app/baseball/(dashboard)/dashboard/my-stats/error.tsx,2,0,21
TypeScript,src/app/baseball/(dashboard)/dashboard/organization/error.tsx,2,0,21
TypeScript,src/app/baseball/(dashboard)/dashboard/performance/error.tsx,2,0,21
TypeScript,src/app/baseball/(dashboard)/dashboard/performance/live/error.tsx,2,0,21
TypeScript,src/app/baseball/(dashboard)/dashboard/pipeline/error.tsx,2,0,21
TypeScript,src/app/baseball/(dashboard)/dashboard/players/[id]/profile/error.tsx,2,0,21
TypeScript,src/app/baseball/(dashboard)/dashboard/players/[id]/scout-packet/preview/error.tsx,2,0,21
TypeScript,src/app/baseball/(dashboard)/dashboard/postgame/error.tsx,2,0,21
TypeScript,src/app/baseball/(dashboard)/dashboard/practice-effectiveness/error.tsx,2,0,21
TypeScript,src/app/baseball/(dashboard)/dashboard/practice/error.tsx,2,0,21
TypeScript,src/app/baseball/(dashboard)/dashboard/profile/error.tsx,2,0,21
TypeScript,src/app/baseball/(dashboard)/dashboard/program/error.tsx,2,0,21
TypeScript,src/app/baseball/(dashboard)/dashboard/readiness/error.tsx,2,0,21
TypeScript,src/app/baseball/(dashboard)/dashboard/roster/error.tsx,2,0,21
TypeScript,src/app/baseball/(dashboard)/dashboard/scout-packets/error.tsx,2,0,21
TypeScript,src/app/baseball/(dashboard)/dashboard/settings/ai/error.tsx,2,0,21
TypeScript,src/app/baseball/(dashboard)/dashboard/settings/appearance/error.tsx,2,0,21
TypeScript,src/app/baseball/(dashboard)/dashboard/settings/audit/error.tsx,2,0,21
TypeScript,src/app/baseball/(dashboard)/dashboard/settings/data-retention/error.tsx,2,0,21
TypeScript,src/app/baseball/(dashboard)/dashboard/settings/demo-mode/error.tsx,2,0,21
TypeScript,src/app/baseball/(dashboard)/dashboard/settings/error.tsx,2,0,21
TypeScript,src/app/baseball/(dashboard)/dashboard/settings/guardian-access/error.tsx,2,0,21
TypeScript,src/app/baseball/(dashboard)/dashboard/settings/imports/error.tsx,2,0,21
TypeScript,src/app/baseball/(dashboard)/dashboard/settings/integrations/error.tsx,2,0,21
TypeScript,src/app/baseball/(dashboard)/dashboard/settings/notifications/error.tsx,2,0,21
TypeScript,src/app/baseball/(dashboard)/dashboard/settings/permissions/error.tsx,2,0,21
TypeScript,src/app/baseball/(dashboard)/dashboard/settings/philosophy/error.tsx,2,0,21
TypeScript,src/app/baseball/(dashboard)/dashboard/settings/player-access/error.tsx,2,0,21
TypeScript,src/app/baseball/(dashboard)/dashboard/settings/privacy/error.tsx,2,0,21
TypeScript,src/app/baseball/(dashboard)/dashboard/settings/program/error.tsx,2,0,21
TypeScript,src/app/baseball/(dashboard)/dashboard/settings/recruiting-preferences/error.tsx,2,0,21
TypeScript,src/app/baseball/(dashboard)/dashboard/settings/roles/error.tsx,2,0,21
TypeScript,src/app/baseball/(dashboard)/dashboard/settings/season/error.tsx,2,0,21
TypeScript,src/app/baseball/(dashboard)/dashboard/settings/showcase-profile/error.tsx,2,0,21
TypeScript,src/app/baseball/(dashboard)/dashboard/settings/staff/error.tsx,2,0,21
TypeScript,src/app/baseball/(dashboard)/dashboard/settings/teams/error.tsx,2,0,21
TypeScript,src/app/baseball/(dashboard)/dashboard/signals/error.tsx,2,0,21
TypeScript,src/app/baseball/(dashboard)/dashboard/stats-center/error.tsx,2,0,21
TypeScript,src/app/baseball/(dashboard)/dashboard/stats/games/[gameId]/error.tsx,2,0,21
TypeScript,src/app/baseball/(dashboard)/dashboard/stats/games/error.tsx,2,0,21
TypeScript,src/app/baseball/(dashboard)/dashboard/stats/games/new/error.tsx,2,0,21
TypeScript,src/app/baseball/(dashboard)/dashboard/stats/season/error.tsx,2,0,21
TypeScript,src/app/baseball/(dashboard)/dashboard/stats/upload/error.tsx,2,0,21
TypeScript,src/app/baseball/(dashboard)/dashboard/tasks/error.tsx,2,0,21
TypeScript,src/app/baseball/(dashboard)/dashboard/team/error.tsx,2,0,21
TypeScript,src/app/baseball/(dashboard)/dashboard/team/high-school/error.tsx,2,0,21
TypeScript,src/app/baseball/(dashboard)/dashboard/teams/error.tsx,2,0,21
TypeScript,src/app/baseball/(dashboard)/dashboard/travel/error.tsx,2,0,21
TypeScript,src/app/baseball/(dashboard)/dashboard/videos/[id]/edit/error.tsx,2,0,21
TypeScript,src/app/baseball/(dashboard)/dashboard/videos/[id]/error.tsx,2,0,21
TypeScript,src/app/baseball/(dashboard)/dashboard/videos/error.tsx,2,0,21
TypeScript,src/app/baseball/(dashboard)/dashboard/watchlist/error.tsx,2,0,21
TypeScript,src/app/baseball/(onboarding)/coach-onboarding/error.tsx,2,0,21
TypeScript,src/app/baseball/(onboarding)/coach/error.tsx,2,0,21
TypeScript,src/app/baseball/(onboarding)/player/error.tsx,2,0,21
TypeScript,src/app/baseball/(player-dashboard)/error.tsx,3,14,21
TypeScript,src/app/baseball/(player-dashboard)/player/passport/error.tsx,2,0,21
TypeScript,src/app/baseball/(player-dashboard)/player/timeline/error.tsx,3,8,21
TypeScript,src/app/baseball/(player-dashboard)/player/today/error.tsx,3,14,21
TypeScript,src/app/baseball/(public)/player/[id]/error.tsx,2,0,21
TypeScript,src/app/baseball/(public)/program/[id]/error.tsx,2,0,21
TypeScript,src/app/baseball/join/[code]/error.tsx,2,0,21
TypeScript,src/app/golf/(auth)/forgot-password/error.tsx,2,0,21
TypeScript,src/app/golf/(auth)/login/error.tsx,2,0,21
TypeScript,src/app/golf/(auth)/reset-password/error.tsx,2,0,21
TypeScript,src/app/golf/(auth)/signup/error.tsx,2,0,21
TypeScript,src/app/golf/(auth)/welcome/error.tsx,2,0,21
TypeScript,src/app/golf/(dashboard)/dashboard/alerts/error.tsx,2,0,21
TypeScript,src/app/golf/(dashboard)/dashboard/analytics/coachhelm/error.tsx,2,0,21
TypeScript,src/app/golf/(dashboard)/dashboard/announcements/error.tsx,2,0,21
TypeScript,src/app/golf/(dashboard)/dashboard/calendar/error.tsx,2,0,21
TypeScript,src/app/golf/(dashboard)/dashboard/classes/error.tsx,2,0,21
TypeScript,src/app/golf/(dashboard)/dashboard/coachhelm/chat/error.tsx,2,0,21
TypeScript,src/app/golf/(dashboard)/dashboard/coachhelm/error.tsx,2,0,21
TypeScript,src/app/golf/(dashboard)/dashboard/coachhelm/genome/[playerId]/error.tsx,2,0,21
TypeScript,src/app/golf/(dashboard)/dashboard/coachhelm/genome/compare/error.tsx,2,0,21
TypeScript,src/app/golf/(dashboard)/dashboard/coachhelm/qualifying/[id]/error.tsx,2,0,21
TypeScript,src/app/golf/(dashboard)/dashboard/courses/error.tsx,2,0,21
TypeScript,src/app/golf/(dashboard)/dashboard/development/error.tsx,2,0,21
TypeScript,src/app/golf/(dashboard)/dashboard/documents/error.tsx,2,0,21
TypeScript,src/app/golf/(dashboard)/dashboard/error.tsx,2,0,21
TypeScript,src/app/golf/(dashboard)/dashboard/hub/error.tsx,2,0,21
TypeScript,src/app/golf/(dashboard)/dashboard/insights/error.tsx,2,0,21
TypeScript,src/app/golf/(dashboard)/dashboard/intelligence/error.tsx,2,0,21
TypeScript,src/app/golf/(dashboard)/dashboard/messages/error.tsx,2,0,21
TypeScript,src/app/golf/(dashboard)/dashboard/my-development/error.tsx,2,0,21
TypeScript,src/app/golf/(dashboard)/dashboard/my-game-profile/error.tsx,2,0,21
TypeScript,src/app/golf/(dashboard)/dashboard/my-insights/error.tsx,2,0,21
TypeScript,src/app/golf/(dashboard)/dashboard/my-qualifiers/error.tsx,2,0,21
TypeScript,src/app/golf/(dashboard)/dashboard/my-standing/error.tsx,2,0,21
TypeScript,src/app/golf/(dashboard)/dashboard/patterns/error.tsx,2,0,21
TypeScript,src/app/golf/(dashboard)/dashboard/players/[playerId]/error.tsx,2,0,21
TypeScript,src/app/golf/(dashboard)/dashboard/players/[playerId]/game/error.tsx,2,0,21
TypeScript,src/app/golf/(dashboard)/dashboard/players/[playerId]/game/print/error.tsx,2,0,21
TypeScript,src/app/golf/(dashboard)/dashboard/qualifiers/[id]/error.tsx,2,0,21
TypeScript,src/app/golf/(dashboard)/dashboard/qualifiers/error.tsx,2,0,21
TypeScript,src/app/golf/(dashboard)/dashboard/qualifiers/new/error.tsx,2,0,21
TypeScript,src/app/golf/(dashboard)/dashboard/recruiting/error.tsx,2,0,21
TypeScript,src/app/golf/(dashboard)/dashboard/roster/[id]/error.tsx,2,0,21
TypeScript,src/app/golf/(dashboard)/dashboard/roster/error.tsx,2,0,21
TypeScript,src/app/golf/(dashboard)/dashboard/rounds/[id]/error.tsx,2,0,21
TypeScript,src/app/golf/(dashboard)/dashboard/rounds/[id]/review/error.tsx,2,0,21
TypeScript,src/app/golf/(dashboard)/dashboard/rounds/continue/[id]/error.tsx,2,0,21
TypeScript,src/app/golf/(dashboard)/dashboard/rounds/continue/error.tsx,2,0,21
TypeScript,src/app/golf/(dashboard)/dashboard/rounds/error.tsx,2,0,21
TypeScript,src/app/golf/(dashboard)/dashboard/rounds/new/error.tsx,2,0,21
TypeScript,src/app/golf/(dashboard)/dashboard/rounds/recover/error.tsx,2,0,21
TypeScript,src/app/golf/(dashboard)/dashboard/settings/coaching-intelligence/error.tsx,2,0,21
TypeScript,src/app/golf/(dashboard)/dashboard/settings/error.tsx,2,0,21
TypeScript,src/app/golf/(dashboard)/dashboard/settings/notifications/error.tsx,2,0,21
TypeScript,src/app/golf/(dashboard)/dashboard/stats/error.tsx,2,0,21
TypeScript,src/app/golf/(dashboard)/dashboard/stats/team/error.tsx,2,0,21
TypeScript,src/app/golf/(dashboard)/dashboard/tasks/error.tsx,2,0,21
TypeScript,src/app/golf/(dashboard)/dashboard/team-hub/error.tsx,2,7,21
TypeScript,src/app/golf/(dashboard)/dashboard/team/error.tsx,2,0,21
TypeScript,src/app/golf/(dashboard)/dashboard/travel/error.tsx,2,0,21
TypeScript,src/app/golf/(dashboard)/dashboard/whats-new/error.tsx,2,0,21
TypeScript,src/app/golf/(dashboard)/error.tsx,2,0,21
TypeScript,src/app/golf/(onboarding)/coach/error.tsx,2,0,21
TypeScript,src/app/golf/(onboarding)/player/error.tsx,2,0,21
TypeScript,src/app/golf/actions/messages.ts,2,11,21
TypeScript,src/app/golf/admin/crm/coach/[id]/error.tsx,2,0,21
TypeScript,src/app/golf/admin/crm/components/badges/SequenceEnrollmentBadge.tsx,2,10,21
TypeScript,src/app/golf/admin/crm/error.tsx,2,0,21
TypeScript,src/app/golf/admin/error.tsx,2,0,21
TypeScript,src/app/golf/error.tsx,2,0,21
TypeScript,src/app/golf/join/[code]/error.tsx,2,0,21
TypeScript,src/app/golf/join/error.tsx,2,0,21
TypeScript,src/app/lifting/actions/athletes.ts,3,7,21
TypeScript,src/components/baseball/signals/index.ts,1,7,21
TypeScript,src/lib/coachhelm/constants.ts,1,0,21
TypeScript,src/lib/coachhelm/v2/mining/index.ts,1,7,21
TypeScript,src/lib/coachhelm/v3/metrics/types.ts,5,12,21
TypeScript,src/test/coachhelm/v2/mining/shot-pattern-miner.test.ts,2,0,21
TypeScript,src/test/coachhelm/v2/shot-analysis/shot-level-sg.test.ts,5,2,21
SQL,supabase/migrations/20260606090000_v3_rpc_grant_hardening.sql,1,43,21
SQL,supabase/migrations/20260606120300_v3_select_stalest_teams.sql,3,27,21
SQL,supabase/migrations/20260624000211_baseball_scrimmage_result.sql,5,42,21
SQL,supabase/migrations_archive/pre_20260527/027_golf_documents.sql,4,8,21
SQL,supabase/migrations_archive/pre_20260527/20260429T5_reply_stops_sequences.sql,3,13,21
TypeScript,src/app/baseball/(dashboard)/dashboard/academics/loading.tsx,1,0,20
TypeScript,src/app/baseball/(dashboard)/dashboard/organization/OrganizationDashboardClient.tsx,3,0,20
TypeScript,src/app/golf/(auth)/forgot-password/loading.tsx,0,0,20
TypeScript,src/app/golf/(dashboard)/dashboard/analytics/coachhelm/EffectivenessRetryButton.tsx,4,12,20
TypeScript,src/app/golf/(dashboard)/dashboard/rounds/continue/[id]/loading.tsx,1,0,20
TypeScript,src/app/golf/actions/crm-assignee.ts,5,9,20
TypeScript,src/components/baseball/coach/ModeToggle.tsx,5,0,20
TypeScript,src/components/fairway/instrument/index.ts,3,16,20
TypeScript,src/components/fairway/pages/recruiting/recruit-status.ts,5,17,20
TypeScript,src/components/fairway/pages/tasks/index.ts,4,8,20
TypeScript,src/components/fairway/pages/travel/index.ts,5,8,20
TypeScript,src/components/golf/coachhelm/insight-card/index.ts,1,16,20
TypeScript,src/lib/coachhelm/v3/genome/dimensions/par3-proficiency.ts,5,11,20
TypeScript,src/lib/coachhelm/v3/standing/types.ts,10,32,20
TypeScript,src/lib/crm/unsubscribe-token.ts,5,27,20
TypeScript,src/lib/golf/resolve-team-server.ts,3,28,20
SQL,supabase/migrations/20260624001300_baseball_coachhelm_insight_maturity_counters.sql,6,54,20
SQL,supabase/migrations_archive/pre_20260527/20260121010000_add_focus_areas_priority.sql,3,5,20
SQL,supabase/migrations_archive/pre_20260527/20260212000002_fix_data_integrity.sql,9,27,20
SQL,supabase/migrations_archive/pre_20260527/20260222220200_baseball_notifications.sql,6,3,20
SQL,supabase/migrations_archive/pre_20260527/20260421000002_crm_perf_indexes.sql,4,29,20
SQL,supabase/migrations_archive/pre_20260527/20260525220000_v3_golf_coachhelm_llm_budget_table.sql,5,22,20
TypeScript,scripts/archive-todays-resolved-incidents.ts,3,22,19
TypeScript,src/app/baseball/(dashboard)/dashboard/decision-room/page.tsx,7,26,19
TypeScript,src/app/baseball/(dashboard)/dashboard/performance/programs/page.tsx,6,14,19
TypeScript,src/app/baseball/(dashboard)/dashboard/settings/program/page.tsx,7,17,19
TypeScript,src/app/baseball/(dashboard)/dashboard/settings/season/page.tsx,7,12,19
TypeScript,src/app/baseball/(dashboard)/dashboard/settings/staff/page.tsx,7,19,19
TypeScript,src/app/baseball/(dashboard)/dashboard/settings/teams/page.tsx,7,11,19
TypeScript,src/app/baseball/(dashboard)/dashboard/watchlist/page.tsx,5,1,19
TypeScript,src/app/golf/admin/components/index.ts,6,4,19
TypeScript,src/components/admin/LastSeenUpdater.tsx,5,6,19
TypeScript,src/components/golf/coachhelm/settings/WeightDistributor.tsx,5,24,19
TypeScript,src/lib/baseball/daily-contract/__tests__/ack-visibility.test.ts,7,8,19
TypeScript,src/lib/calendar/timezone.ts,8,35,19
TypeScript,src/lib/fairway/haptics.ts,3,13,19
TypeScript,src/lib/utils/describe-error.ts,3,20,19
SQL,supabase/migrations_archive/pre_20260527/20260512100000_coach_id_for_team_rpc.sql,4,10,19
SQL,supabase/migrations_archive/pre_20260527/20260526020100_v3_golf_coachhelm_coach_weights.sql,4,13,19
TypeScript,scripts/run-prediction-rollup.ts,4,10,18
TypeScript,src/app/golf/(dashboard)/dashboard/rounds/recover/page.tsx,4,0,18
TypeScript,src/components/baseball/peek-panel/PeekPanelProvider.tsx,4,18,18
TypeScript,src/components/fairway/surfaces/index.ts,2,14,18
TypeScript,src/components/providers/ChunkLoadErrorHandler.tsx,5,5,18
TypeScript,src/lib/coachhelm/v2/simulation/index.ts,4,5,18
TypeScript,src/lib/golf/__tests__/gender-sg-baseline.test.ts,3,6,18
TypeScript,src/lib/lazy-components.tsx,4,17,18
TypeScript,src/lib/supabase/admin.ts,3,0,18
TypeScript,src/test/utils.tsx,4,4,18
SQL,supabase/migrations/20260609210000_golf_rounds_update_with_check_and_penalty_backfill.sql,2,29,18
SQL,supabase/migrations/20260613160100_course_library_normalize_fix.sql,3,22,18
SQL,supabase/migrations_archive/pre_20260527/20260220100000_add_performance_indexes.sql,8,2,18
SQL,supabase/migrations_archive/pre_20260527/20260524000000_coachhelm_wave7a_indexes_and_patterns.sql,3,34,18
SQL,supabase/migrations_archive/v1_original/20251225000029_fix_golf_holes_insert.sql,2,2,18
TypeScript,src/app/baseball/(dashboard)/dashboard/videos/[id]/loading.tsx,0,0,17
TypeScript,src/app/baseball/(public)/packet/[token]/page.tsx,6,20,17
TypeScript,src/app/golf/(dashboard)/dashboard/calendar/loading.tsx,2,5,17
TypeScript,src/app/golf/(dashboard)/dashboard/players/[playerId]/game/sections/PressureSection.tsx,3,8,17
TypeScript,src/app/golf/(dashboard)/dashboard/players/[playerId]/game/sections/ShortGameSection.tsx,3,8,17
TypeScript,src/app/golf/(dashboard)/dashboard/rounds/new/page.tsx,4,5,17
TypeScript,src/components/baseball/announcements/AcknowledgementTracker.tsx,2,1,17
TypeScript,src/components/providers/VercelAnalyticsProvider.tsx,5,2,17
SQL,supabase/migrations/20260621041839_focus_areas_player_self_update.sql,0,10,17
SQL,supabase/migrations_archive/pre_20260527/20260328000000_fix_calendar_notifications_rls.sql,3,16,17
SQL,supabase/migrations_archive/pre_20260527/20260512200000_backfill_insight_lifecycle_state.sql,5,12,17
SQL,supabase/migrations_archive/pre_20260527/20260517010000_golf_rounds_coachhelm_state.sql,5,16,17
TypeScript,src/app/baseball/(onboarding)/player/loading.tsx,0,0,16
TypeScript,src/components/baseball/command-center/analytics/index.ts,3,4,16
TypeScript,src/components/fairway/pages/player-game/index.ts,3,11,16
TypeScript,src/components/golf/dashboard/index.ts,2,20,16
TypeScript,src/components/ui/loading.tsx,2,0,16
TypeScript,src/lib/coachhelm/v3/ingest/providers/garmin.ts,5,19,16
TypeScript,src/lib/coachhelm/v3/ingest/providers/trackman.ts,5,18,16
TypeScript,src/lib/inngest/functions.ts,5,55,16
TypeScript,src/lib/mapbox/client.ts,2,27,16
TypeScript,src/lib/utils/names.ts,4,7,16
SQL,supabase/migrations/20260624000091_baseball_program_identity.sql,3,21,16
SQL,supabase/migrations/20260624001400_baseball_readiness_select_gate_fix.sql,2,47,16
SQL,supabase/migrations/20260624001900_baseball_events_status_lifecycle.sql,3,24,16
SQL,supabase/migrations/20260625000070_baseball_performance_indexes.sql,5,42,16
SQL,supabase/migrations_archive/pre_20260527/20260205100000_add_user_presence.sql,6,9,16
SQL,supabase/migrations_archive/pre_20260527/20260428000200_stats_cache_teammate_rls.sql,1,16,16
SQL,supabase/migrations_archive/pre_20260527/20260524190300_v3_coachhelm_settings_goal_assignment_default.sql,3,23,16
SQL,supabase/migrations_archive/pre_20260527/20260524190500_v3_coachhelm_settings_llm_budget_usd_per_day.sql,3,26,16
SQL,supabase/migrations_archive/pre_20260527/20260525180000_v3_engine_version_on_insights.sql,3,27,16
TypeScript,src/app/baseball/(auth)/signup/loading.tsx,0,0,15
TypeScript,src/app/baseball/(dashboard)/dashboard/performance/groups/error.tsx,2,0,15
TypeScript,src/app/baseball/(dashboard)/dashboard/performance/groups/loading.tsx,1,0,15
TypeScript,src/app/baseball/(dashboard)/dashboard/performance/loading.tsx,1,0,15
TypeScript,src/app/baseball/(dashboard)/dashboard/performance/programs/[programId]/error.tsx,2,0,15
TypeScript,src/app/baseball/(dashboard)/dashboard/performance/programs/error.tsx,2,0,15
TypeScript,src/app/baseball/(dashboard)/dashboard/practice/loading.tsx,1,5,15
TypeScript,src/app/golf/(dashboard)/dashboard/coachhelm/chat/loading.tsx,0,0,15
TypeScript,src/components/fairway/controls/_internal.ts,4,35,15
TypeScript,src/components/fairway/data-table/index.ts,5,12,15
TypeScript,src/components/golf/scenes/palette.ts,1,11,15
TypeScript,src/lib/baseball/active-context-shared.ts,5,24,15
TypeScript,src/lib/golf/team-theme.ts,4,20,15
SQL,supabase/migrations/20260606011000_v3_strokes_impact_backfill.sql,1,25,15
SQL,supabase/migrations_archive/pre_20260527/20260526030000_v3_golf_drills_impacts_metric_id.sql,2,19,15
SQL,scripts/demo-login-report.sql,3,38,14
TypeScript,src/app/baseball/(auth)/login/loading.tsx,0,0,14
TypeScript,src/components/golf/qualifiers/CreateQualifierButton.tsx,2,0,14
TypeScript,src/hooks/use-media-query.ts,2,13,14
TypeScript,src/lib/coachhelm/v3/composite/index.ts,2,9,14
TypeScript,src/lib/coachhelm/v3/counterfactual/baseline-loader.ts,2,14,14
TypeScript,src/lib/coachhelm/v3/genome/dimensions/weather-sensitivity-stub.ts,4,12,14
TypeScript,src/lib/coachhelm/v3/goals/window-metric-ids.ts,3,13,14
TypeScript,src/test/coachhelm/v3/lookup-tables.shortputt.test.ts,2,3,14
SQL,supabase/migrations/20260602191000_round_reviews_insert_coach_policy.sql,0,21,14
SQL,supabase/migrations/20260607160000_add_gender_to_golf_teams.sql,2,7,14
SQL,supabase/migrations_archive/pre_20260527/010_notifications.sql,2,6,14
SQL,supabase/migrations_archive/pre_20260527/20260422100002_widen_insight_type_check_for_categories.sql,2,11,14
TypeScript,src/app/baseball/(auth)/demo/layout.tsx,2,0,13
TypeScript,src/app/baseball/(dashboard)/dashboard/videos/[id]/edit/loading.tsx,0,0,13
TypeScript,src/app/golf/(dashboard)/dashboard/loading.tsx,1,9,13
TypeScript,src/components/fairway/app-shell/index.ts,1,7,13
TypeScript,src/components/fairway/calendar/index.ts,3,14,13
TypeScript,src/components/golf/AdminNativeGuard.tsx,4,13,13
TypeScript,src/lib/coachhelm/v3/counterfactual/types.ts,3,39,13
TypeScript,src/lib/coachhelm/v3/ingest/registry.ts,3,0,13
TypeScript,src/lib/coachhelm/v3/insight-visibility.ts,4,65,13
TypeScript,src/lib/demo/baseball-config.server.ts,4,22,13
TypeScript,src/lib/fonts.ts,3,31,13
SQL,supabase/migrations/20260528011000_harden_coach_insights_update_grants.sql,2,3,13
SQL,supabase/migrations_archive/pre_20260527/20260421100003_coachhelm_function_search_path.sql,1,8,13
SQL,supabase/migrations_archive/pre_20260527/20260428T5_email_status_enum.sql,5,12,13
TypeScript,src/app/baseball/(auth)/complete-signup/layout.tsx,2,0,12
TypeScript,src/app/baseball/(auth)/forgot-password/layout.tsx,2,0,12
TypeScript,src/app/baseball/(auth)/login/layout.tsx,2,0,12
TypeScript,src/app/baseball/(auth)/reset-password/layout.tsx,2,0,12
TypeScript,src/app/baseball/(auth)/signup/layout.tsx,2,0,12
TypeScript,src/app/baseball/(dashboard)/dashboard/compare/loading.tsx,1,0,12
TypeScript,src/app/baseball/(dashboard)/dashboard/discover/loading.tsx,1,0,12
TypeScript,src/app/baseball/(dashboard)/dashboard/loading.tsx,1,0,12
TypeScript,src/app/baseball/(dashboard)/dashboard/messages/loading.tsx,1,0,12
TypeScript,src/app/baseball/(dashboard)/dashboard/performance/programs/[programId]/loading.tsx,1,0,12
TypeScript,src/app/baseball/(dashboard)/dashboard/pipeline/loading.tsx,1,0,12
TypeScript,src/app/baseball/(dashboard)/dashboard/team/page.tsx,4,0,12
TypeScript,src/app/baseball/(onboarding)/player/layout.tsx,2,0,12
TypeScript,src/app/golf/(auth)/forgot-password/layout.tsx,2,0,12
TypeScript,src/app/golf/(auth)/login/layout.tsx,2,0,12
TypeScript,src/app/golf/(auth)/reset-password/layout.tsx,2,0,12
TypeScript,src/app/golf/(auth)/signup/layout.tsx,2,0,12
TypeScript,src/app/golf/(dashboard)/dashboard/classes/layout.tsx,2,0,12
TypeScript,src/app/golf/(dashboard)/dashboard/messages/layout.tsx,2,0,12
TypeScript,src/app/golf/(dashboard)/dashboard/my-qualifiers/layout.tsx,2,0,12
TypeScript,src/app/golf/(dashboard)/dashboard/rounds/[id]/review/layout.tsx,2,0,12
TypeScript,src/app/golf/(dashboard)/dashboard/rounds/new/layout.tsx,2,0,12
TypeScript,src/app/golf/(dashboard)/dashboard/settings/layout.tsx,2,0,12
TypeScript,src/app/golf/(dashboard)/dashboard/tasks/layout.tsx,2,0,12
TypeScript,src/app/lifting/(auth)/forgot-password/layout.tsx,2,0,12
TypeScript,src/app/lifting/(auth)/login/layout.tsx,2,0,12
TypeScript,src/app/lifting/(auth)/reset-password/layout.tsx,2,0,12
TypeScript,src/app/lifting/(auth)/signup/layout.tsx,2,0,12
TypeScript,src/app/lifting/(onboarding)/coach/layout.tsx,2,0,12
TypeScript,src/components/baseball/player-profile/snapshot-cards/index.ts,1,5,12
TypeScript,src/components/baseball/ui/index.ts,6,16,12
TypeScript,src/components/golf/OfflineWarningBanner.tsx,3,8,12
TypeScript,src/lib/demo/config.server.ts,3,13,12
SQL,supabase/migrations_archive/pre_20260527/20260120124522_add_notification_preferences.sql,3,5,12
SQL,supabase/migrations_archive/pre_20260527/20260120130000_update_insight_type_constraint.sql,2,6,12
SQL,supabase/migrations_archive/pre_20260527/20260212100000_backfill_round_team_id.sql,2,4,12
TypeScript,src/app/baseball/(dashboard)/dashboard/lift/[sessionId]/loading.tsx,1,0,11
TypeScript,src/app/baseball/(dashboard)/dashboard/lift/loading.tsx,1,0,11
TypeScript,src/app/baseball/(dashboard)/dashboard/performance/programs/loading.tsx,1,0,11
TypeScript,src/app/baseball/(player-dashboard)/player/layout.tsx,2,5,11
TypeScript,src/lib/lifting/haptics.ts,3,45,11
SQL,supabase/migrations_archive/pre_20260527/20260115212303_golf_message_edit_delete.sql,5,11,11
SQL,supabase/migrations_archive/v1_original/025_fix_golf_coaches_recursion.sql,5,9,11
SQL,supabase/migrations_archive/v1_original/080_add_round_status_tracking.sql,6,15,11
SQL,supabase/migrations_archive/v1_original/20260104000008_fix_messages_select_policy.sql,3,8,11
TypeScript,src/app/baseball/(dashboard)/dashboard/readiness/loading.tsx,1,0,10
TypeScript,src/components/fairway/command/index.ts,3,15,10
TypeScript,src/components/fairway/overlays/index.ts,4,19,10
TypeScript,src/components/fairway/pages/team/index.ts,3,15,10
TypeScript,src/components/golf/coachhelm/round-review/index.ts,4,20,10
TypeScript,src/components/providers/AdminErrorHandler.tsx,5,14,10
TypeScript,src/components/ui/shine-effect.tsx,0,14,10
TypeScript,src/lib/cron/auth.ts,4,0,10
TypeScript,src/lib/utils/time-of-day.ts,2,5,10
SQL,supabase/migrations/20260621230000_focus_areas_timeframe.sql,1,5,10
SQL,supabase/migrations/20260624001700_baseball_task_reminder_sent.sql,3,36,10
SQL,supabase/migrations_archive/pre_20260527/061_fix_golf_rls_recursion.sql,9,23,10
SQL,supabase/migrations_archive/pre_20260527/20260421130000_insight_player_feedback_update_policy.sql,0,4,10
JavaScript,scripts/knowledge/check.mjs,2,0,9
TypeScript,src/app/baseball/(dashboard)/dashboard/my-stats/page.tsx,3,1,9
TypeScript,src/app/baseball/(onboarding)/coach/page.tsx,2,1,9
TypeScript,src/app/baseball/page.tsx,3,7,9
TypeScript,src/components/baseball/dashboard/index.ts,1,2,9
TypeScript,src/components/baseball/roster/index.ts,0,0,9
TypeScript,src/components/fairway/pages/announcements/index.ts,4,15,9
TypeScript,src/components/fairway/pages/rounds-tracking/index.ts,1,8,9
TypeScript,src/components/golf/stats/sections/index.ts,0,0,9
TypeScript,src/components/providers/DatadogProvider.tsx,3,0,9
TypeScript,src/components/providers/GlobalErrorHandlerSetup.tsx,3,4,9
TypeScript,src/lib/baseball/daily-contract/ack-visibility.ts,2,21,9
TypeScript,src/lib/utils/decode-message-content.ts,0,8,9
SQL,supabase/migrations/20260608150000_v3_relax_attribution_metric_fk.sql,4,47,9
SQL,supabase/migrations/20260610150000_notification_type_event_updated_pattern.sql,0,8,9
SQL,supabase/migrations_archive/pre_20260527/20260121000000_rename_golf_player_columns.sql,3,7,9
SQL,supabase/migrations_archive/pre_20260527/20260421100004_coachhelm_storage_buckets.sql,3,10,9
SQL,supabase/migrations_archive/pre_20260527/20260521120000_widen_coach_insights_grant.sql,1,16,9
SQL,supabase/migrations_archive/v1_original/034_add_missing_indexes.sql,7,10,9
TypeScript,src/app/baseball/(dashboard)/dashboard/performance/players/[id]/page.tsx,3,11,8
TypeScript,src/app/golf/actions/recruit-documents-categories.ts,2,9,8
TypeScript,src/components/baseball/performance/lift-canvas/index.ts,4,11,8
TypeScript,src/lib/types/table.ts,1,1,8
SQL,supabase/migrations/20260528012000_relock_crm_admin_rpcs.sql,2,3,8
SQL,supabase/migrations/20260610080000_event_attendance_status_column.sql,3,12,8
SQL,supabase/migrations/20260613150000_organizations_unique_normalized_name.sql,3,21,8
SQL,supabase/migrations/20260621041833_golf_documents_select_is_public.sql,0,8,8
SQL,supabase/migrations_archive/pre_20260527/20260222220000_fix_baseball_coaches_rls.sql,2,13,8
SQL,supabase/migrations_archive/pre_20260527/20260427230000_analytics_writer_natural_keys.sql,3,5,8
SQL,supabase/migrations_archive/pre_20260527/20260428210500_admin_perf_indexes.sql,4,32,8
TypeScript,src/app/api/inngest/route.ts,1,17,7
TypeScript,src/app/baseball/(dashboard)/dashboard/activate/layout.tsx,2,0,7
TypeScript,src/app/baseball/(dashboard)/dashboard/analytics/layout.tsx,2,0,7
TypeScript,src/app/baseball/(dashboard)/dashboard/calendar/layout.tsx,2,0,7
TypeScript,src/app/baseball/(dashboard)/dashboard/camps/layout.tsx,2,0,7
TypeScript,src/app/baseball/(dashboard)/dashboard/college-interest/layout.tsx,2,0,7
TypeScript,src/app/baseball/(dashboard)/dashboard/colleges/layout.tsx,2,0,7
TypeScript,src/app/baseball/(dashboard)/dashboard/compare/layout.tsx,2,0,7
TypeScript,src/app/baseball/(dashboard)/dashboard/dev-plan/layout.tsx,2,0,7
TypeScript,src/app/baseball/(dashboard)/dashboard/dev-plans/layout.tsx,2,0,7
TypeScript,src/app/baseball/(dashboard)/dashboard/discover/layout.tsx,2,0,7
TypeScript,src/app/baseball/(dashboard)/dashboard/journey/layout.tsx,2,0,7
TypeScript,src/app/baseball/(dashboard)/dashboard/messages/layout.tsx,2,0,7
TypeScript,src/app/baseball/(dashboard)/dashboard/pipeline/layout.tsx,2,0,7
TypeScript,src/app/baseball/(dashboard)/dashboard/practice/page.tsx,2,8,7
TypeScript,src/app/baseball/(dashboard)/dashboard/profile/layout.tsx,2,0,7
TypeScript,src/app/baseball/(dashboard)/dashboard/roster/layout.tsx,2,0,7
TypeScript,src/app/baseball/(dashboard)/dashboard/settings/ai/page.tsx,3,11,7
TypeScript,src/app/baseball/(dashboard)/dashboard/settings/appearance/page.tsx,3,11,7
TypeScript,src/app/baseball/(dashboard)/dashboard/settings/data-retention/page.tsx,3,11,7
TypeScript,src/app/baseball/(dashboard)/dashboard/settings/demo-mode/page.tsx,3,11,7
TypeScript,src/app/baseball/(dashboard)/dashboard/settings/guardian-access/page.tsx,3,11,7
TypeScript,src/app/baseball/(dashboard)/dashboard/settings/layout.tsx,2,0,7
TypeScript,src/app/baseball/(dashboard)/dashboard/settings/notifications/page.tsx,3,11,7
TypeScript,src/app/baseball/(dashboard)/dashboard/settings/player-access/page.tsx,3,11,7
TypeScript,src/app/baseball/(dashboard)/dashboard/settings/showcase-profile/page.tsx,3,11,7
TypeScript,src/app/baseball/(dashboard)/dashboard/team/layout.tsx,2,0,7
TypeScript,src/app/baseball/(dashboard)/dashboard/videos/layout.tsx,2,0,7
TypeScript,src/app/baseball/(dashboard)/dashboard/watchlist/layout.tsx,2,0,7
TypeScript,src/app/baseball/(public)/layout.tsx,0,0,7
TypeScript,src/app/golf/(dashboard)/dashboard/classes/loading.tsx,1,4,7
TypeScript,src/app/golf/(dashboard)/dashboard/development/loading.tsx,1,5,7
TypeScript,src/app/golf/(dashboard)/dashboard/roster/loading.tsx,1,4,7
TypeScript,src/app/golf/admin/components/shared/index.ts,0,0,7
TypeScript,src/app/vizlab/page.tsx,2,5,7
TypeScript,src/components/fairway/pages/hub/index.ts,1,8,7
TypeScript,src/components/fairway/pages/team-hub/index.ts,0,0,7
TypeScript,src/components/fairway/view-header/index.ts,2,8,7
TypeScript,src/components/golf/calendar/CalendarHeader.tsx,5,12,7
TypeScript,src/lib/utils/safe-redirect.ts,1,12,7
SQL,supabase/migrations/20260614010000_course_library_update_policy.sql,2,24,7
SQL,supabase/migrations/20260621120000_chat_client_turn_id.sql,3,20,7
SQL,supabase/migrations/20260624000820_baseball_daily_contract_missed_rollover.sql,3,42,7
SQL,supabase/migrations/20260624001200_baseball_import_source_external_id.sql,3,28,7
SQL,supabase/migrations_archive/pre_20260527/20260206000000_add_coach_insert_policy_golf_team_members.sql,2,7,7
SQL,supabase/migrations_archive/pre_20260527/20260421120000_coachhelm_prediction_validations_fkey.sql,2,5,7
SQL,supabase/migrations_archive/pre_20260527/20260513100000_golf_player_attendance_stats_view.sql,2,8,7
SQL,supabase/migrations_archive/pre_20260527/20260523210000_coachhelm_wave4_cleanup.sql,4,27,7
SQL,supabase/migrations_archive/v1_original/064a_migrate_attendance_status_data.sql,2,14,7
SQL,supabase/migrations_archive/v1_original/076_disable_conversation_participants_rls.sql,4,16,7
TypeScript,src/app/golf/admin/_motion-provider.tsx,2,9,6
TypeScript,src/components/baseball/passport/index.ts,1,6,6
TypeScript,src/components/fairway/pages/documents/index.ts,1,9,6
TypeScript,src/components/fairway/pages/recruiting/index.ts,1,1,6
TypeScript,src/components/fairway/pages/settings/index.ts,0,0,6
TypeScript,src/components/golf/coachhelm/coach/index.ts,0,0,6
TypeScript,src/components/golf/coachhelm/player/index.ts,0,3,6
TypeScript,src/components/golf/rounds/PremiumRoundHeader.tsx,4,12,6
TypeScript,src/components/landing/SmoothScroll.tsx,2,0,6
TypeScript,src/components/providers/SessionActivityProvider.tsx,2,19,6
TypeScript,src/components/ui/index.ts,3,12,6
SQL,supabase/migrations/20260621170000_retire_stranded_predictions.sql,0,6,6
SQL,supabase/migrations_archive/pre_20260527/059_golf_attachments_storage_policies.sql,10,113,6
SQL,supabase/migrations_archive/pre_20260527/20260207100000_add_lie_types.sql,2,6,6
SQL,supabase/migrations_archive/pre_20260527/20260311000000_relax_putt_approach_constraints.sql,2,5,6
SQL,supabase/migrations_archive/v1_original/032_drop_deprecated_tables.sql,4,8,6
SQL,supabase/migrations_archive/v1_original/20251225000028_fix_golf_rounds_insert.sql,2,2,6
TypeScript,src/app/baseball/(auth)/complete-signup/page.tsx,2,1,5
TypeScript,src/app/baseball/(coach-dashboard)/coach/layout.tsx,2,0,5
TypeScript,src/app/baseball/(dashboard)/dashboard/college-interest/page.tsx,2,1,5
TypeScript,src/app/baseball/actions/messages.ts,1,6,5
TypeScript,src/app/golf/admin/components/overview/index.ts,0,0,5
TypeScript,src/app/support/SupportHeader.tsx,3,12,5
TypeScript,src/components/fairway/pages/dashboard/index.ts,1,7,5
TypeScript,src/components/golf/coachhelm/settings/index.ts,0,0,5
TypeScript,src/lib/golf/round-type-utils.ts,1,11,5
SQL,supabase/migrations/20260526070000_widen_insight_type_check_for_v3_generators.sql,2,39,5
SQL,supabase/migrations/20260526180000_fix_v3_goals_suggestions_rls.sql,2,54,5
SQL,supabase/migrations/20260610040200_drop_dead_stats_functions.sql,1,21,5
SQL,supabase/migrations/20260616000000_crm_email_templates_allow_text_format.sql,2,11,5
SQL,supabase/migrations/20260622140000_causal_relationships_is_active.sql,2,18,5
SQL,supabase/migrations/20260624000470_baseball_operational_signal_rule_config.sql,2,34,5
SQL,supabase/migrations/20260624001800_baseball_practice_blocks_source_postgame.sql,3,27,5
SQL,supabase/migrations_archive/pre_20260527/20260428170000_predictions_unique_natural_key.sql,2,18,5
SQL,supabase/migrations_archive/pre_20260527/20260428182000_predictions_natural_key_non_partial.sql,3,22,5
SQL,supabase/migrations_archive/pre_20260527/20260503000000_golf_round_ai_recap.sql,1,4,5
SQL,supabase/migrations_archive/v1_original/039_golf_calendar_class_sync.sql,4,7,5
TypeScript,src/app/baseball/(coach-dashboard)/coach/college/page.tsx,1,0,4
TypeScript,src/app/baseball/(coach-dashboard)/coach/high-school/page.tsx,1,0,4
TypeScript,src/app/baseball/(coach-dashboard)/coach/juco/page.tsx,1,0,4
TypeScript,src/app/baseball/(coach-dashboard)/coach/showcase/page.tsx,1,0,4
TypeScript,src/app/baseball/(dashboard)/dashboard/my-stats/loading.tsx,1,0,4
TypeScript,src/app/baseball/(dashboard)/dashboard/stats/page.tsx,1,0,4
TypeScript,src/app/baseball/(dashboard)/dashboard/team/high-school/page.tsx,1,0,4
TypeScript,src/app/baseball/(onboarding)/coach-onboarding/loading.tsx,1,0,4
TypeScript,src/app/baseball/(player-dashboard)/player/college/page.tsx,1,0,4
TypeScript,src/app/baseball/(player-dashboard)/player/high-school/page.tsx,1,0,4
TypeScript,src/app/baseball/(player-dashboard)/player/juco/page.tsx,1,0,4
TypeScript,src/app/baseball/(player-dashboard)/player/showcase/page.tsx,1,0,4
TypeScript,src/app/golf/(dashboard)/dashboard/intelligence/loading.tsx,1,0,4
TypeScript,src/app/golf/(dashboard)/dashboard/messages/loading.tsx,1,0,4
TypeScript,src/app/golf/(dashboard)/dashboard/my-insights/page.tsx,1,2,4
TypeScript,src/app/golf/(dashboard)/dashboard/qualifiers/new/loading.tsx,1,0,4
TypeScript,src/app/golf/(dashboard)/loading.tsx,1,5,4
TypeScript,src/app/golf/admin/crm/coach/[id]/loading.tsx,1,0,4
TypeScript,src/app/golf/join/loading.tsx,1,0,4
TypeScript,src/app/golf/loading.tsx,1,0,4
TypeScript,src/app/splash/page.tsx,1,0,4
TypeScript,src/components/baseball/player-stats/index.ts,0,0,4
TypeScript,src/components/products/baseball-mockups/index.ts,0,0,4
TypeScript,src/components/products/golf-mockups/index.ts,0,0,4
TypeScript,src/lib/demo/config.ts,4,24,4
TypeScript,src/lib/inngest/client.ts,1,16,4
SQL,supabase/migrations/20260606130000_add_sg_benchmark_level_to_team_settings.sql,0,5,4
SQL,supabase/migrations/20260607030000_lock_distance_proximity_putt_rpcs_to_service_role.sql,1,16,4
SQL,supabase/migrations/20260617000000_crm_coaches_assigned_to.sql,1,6,4
SQL,supabase/migrations/20260617180000_crm_contact_log_metadata.sql,1,8,4
SQL,supabase/migrations/20260621140000_focus_areas_outcome_status.sql,1,2,4
SQL,supabase/migrations/20260621150000_player_classes_semester.sql,1,2,4
SQL,supabase/migrations_archive/pre_20260527/20260305100000_review_system_fixes.sql,2,6,4
SQL,supabase/migrations_archive/pre_20260527/20260306000000_cleanup_orphan_rounds.sql,1,6,4
SQL,supabase/migrations_archive/pre_20260527/20260422150000_coach_email_digest_optin.sql,2,7,4
SQL,supabase/migrations_archive/pre_20260527/20260524190400_v3_coachhelm_settings_llm_narrative_enabled.sql,2,23,4
TypeScript,src/components/baseball/daily-contract/index.ts,1,13,3
TypeScript,src/components/baseball/recruiting-philosophy/index.ts,1,0,3
TypeScript,src/components/fairway/cards-insight/themes/index.ts,1,15,3
TypeScript,src/components/golf/coachhelm/insights/index.ts,0,6,3
TypeScript,src/components/golf/travel/index.ts,0,0,3
TypeScript,src/lib/coachhelm/v2/learning/index.ts,1,5,3
TypeScript,src/lib/demo/baseball-config.ts,3,17,3
TypeScript,src/lib/utils/env.ts,1,7,3
SQL,supabase/migrations_archive/pre_20260527/060_add_golf_documents_folder.sql,3,6,3
TypeScript,src/app/golf/actions/team-switcher.constants.ts,2,9,2
TypeScript,src/components/baseball/coach-daily-contract/index.ts,1,14,2
TypeScript,src/components/baseball/stats/index.ts,0,0,2
TypeScript,src/components/fairway/pages/my-qualifiers/index.ts,0,0,2
TypeScript,src/components/fairway/pages/rounds-recover/index.ts,0,0,2
TypeScript,src/components/fairway/pages/whats-new/index.ts,0,0,2
TypeScript,src/components/golf/coachhelm/alerts/index.ts,2,11,2
TypeScript,src/components/golf/coachhelm/v2/index.ts,2,7,2
TypeScript,src/lib/coachhelm/v2/prediction/index.ts,1,5,2
TypeScript,src/lib/coachhelm/v2/reasoning/index.ts,1,5,2
SQL,supabase/migrations/20260603040000_grant_update_golf_rounds_authenticated.sql,0,35,2
SQL,supabase/migrations/20260605040000_reaffirm_golf_rounds_update_grants.sql,0,26,2
SQL,supabase/migrations/20260621041844_relock_anon_grants_reviews_patterns.sql,0,10,2
SQL,supabase/migrations/20260621041849_focus_areas_progress_notes_default.sql,0,8,2
SQL,supabase/migrations_archive/pre_20260527/20260221150000_set_statement_timeout.sql,2,10,2
SQL,supabase/migrations_archive/pre_20260527/20260305000001_add_yardage_to_golf_holes.sql,2,4,2
SQL,supabase/migrations_archive/pre_20260527/20260312004447_fix_round_submit_integrity.sql,1,12,2
SQL,supabase/migrations_archive/pre_20260527/20260427230500_drop_phantom_tables.sql,1,12,2
SQL,supabase/migrations_archive/pre_20260527/20260428230000_drop_orphan_event_rsvps.sql,1,8,2
SQL,supabase/migrations_archive/pre_20260527/20260525180100_v3_engine_version_index.sql,1,16,2
SQL,supabase/migrations_archive/v1_original/055_fix_column_types.sql,2,9,2
TypeScript,src/components/baseball/peek-panel/index.ts,1,37,1
TypeScript,src/components/baseball/position-planner/index.ts,0,0,1
TypeScript,src/components/baseball/profile/index.ts,0,0,1
TypeScript,src/components/baseball/travel/index.ts,0,0,1
TypeScript,src/components/errors/index.ts,1,2,1
TypeScript,src/components/fairway/pages/messages/index.ts,1,14,1
TypeScript,src/components/golf/coachhelm/analytics/index.ts,1,6,1
TypeScript,src/components/golf/coachhelm/patterns/index.ts,1,5,1
TypeScript,src/components/golf/index.ts,1,2,1
TypeScript,src/global.d.ts,0,0,1
TypeScript,src/lib/coachhelm/v2/nlg/index.ts,1,5,1
TypeScript,src/lib/types/database.types.ts,0,3,1
TypeScript,src/test/stubs/server-only.ts,0,9,1
SQL,supabase/migrations/20260602190000_grant_update_round_reviews_authenticated.sql,0,22,1
SQL,supabase/migrations/20260607120000_grant_update_golf_rounds_authenticated_tablewide.sql,0,41,1
SQL,supabase/migrations/20260623000000_service_role_statement_timeout.sql,1,20,1
SQL,supabase/migrations/20260626000030_baseball_notifications_revoke_anon.sql,1,13,1
SQL,supabase/migrations_archive/pre_20260527/20260222220100_drop_head_coach_id.sql,0,2,1
SQL,supabase/migrations_archive/pre_20260527/20260312230000_drop_redundant_sg_sync_trigger.sql,1,12,1
SQL,supabase/migrations_archive/pre_20260527/20260518123207_fix_crm_email_events_security_invoker.sql,0,2,1
SQL,supabase/migrations_archive/v1_original/003_add_conference_to_coaches.sql,0,1,1
JavaScript,scripts/baseballhelm-mega-build.workflow.js,25,232,0
JavaScript,scripts/baseballhelm-verification.workflow.js,17,231,0
SUM,,82390,112720,691135
